,ENSG00000111206,ENSG00000254480,ENSG00000167881,ENSG00000118197,ENSG00000140563,ENSG00000243660,ENSG00000100982,ENSG00000221837,ENSG00000112983,ENSG00000196712
0,3.977,2.931,8.5,7.484,3.631,3.289,3.473,3.343,7.707,3.563
1,3.416,2.617,8.748,6.245,3.723,3.199,4.084,3.413,7.306,3.549
2,3.615,2.657,8.329,5.319,3.144,2.91,3.789,3.245,7.666,3.38
3,4.688,3.035,9.413,5.465,3.661,2.689,3.714,3.351,7.156,4.036
4,4.226,3.141,8.518,6.371,3.125,3.22,3.781,3.035,7.085,3.909
5,5.839,2.772,8.678,6.375,3.349,2.983,3.258,3.462,7.557,4.096
6,5.382,2.785,8.867,6.144,3.252,3.158,3.957,3.375,7.927,3.583
7,5.223,2.793,9.078,6.341,3.142,3.455,3.368,3.094,7.374,3.652
8,4.671,3.021,8.691,5.38,3.801,3.293,3.992,3.196,7.517,3.338
9,4.716,2.484,9.289,4.779,3.784,2.997,3.508,3.339,7.684,3.602
10,4.791,2.824,8.631,5.115,3.683,2.941,3.737,3.312,6.98,3.682
11,5.118,2.683,8.99,5.097,3.11,3.003,3.371,3.375,7.446,3.676
12,3.652,2.779,9.154,5.399,3.079,3.431,3.713,3.257,7.698,4.074
13,3.899,3.183,8.912,6.905,3.189,3.383,3.558,3.514,7.351,3.588
14,3.322,3.0,8.769,5.817,3.439,3.042,3.267,3.295,7.051,3.839
15,3.308,2.72,8.949,7.67,3.086,2.886,3.588,3.118,7.855,3.722
16,4.054,2.939,9.196,6.498,3.68,3.587,3.667,3.116,6.723,3.56
17,3.415,2.989,8.881,6.839,3.099,3.602,3.356,3.39,7.418,4.013
18,5.238,2.54,9.043,5.573,3.045,2.881,3.816,2.844,7.579,3.399
19,4.563,2.728,8.928,5.182,4.001,3.401,3.375,3.125,7.782,3.532
20,4.195,2.511,8.362,6.179,3.376,2.988,3.431,3.314,6.85,3.57
21,4.785,2.857,8.901,6.198,4.724,2.831,3.397,3.231,6.797,3.65
22,4.081,2.912,9.104,7.001,3.07,3.071,3.742,3.38,7.134,4.012
23,4.367,3.465,9.885,5.958,3.483,2.93,3.236,3.611,7.608,3.298
24,3.535,2.809,9.301,5.844,3.99,2.967,3.434,3.484,7.611,3.841
25,3.427,2.584,8.873,5.354,3.548,3.35,3.371,2.952,6.846,3.636
26,4.624,2.995,8.802,6.566,3.393,2.843,3.601,3.343,7.22,3.71
27,4.947,2.82,9.24,6.482,3.179,2.773,3.878,3.138,7.723,3.676
28,5.369,3.021,9.399,5.743,3.015,3.481,4.08,3.403,7.621,3.663
29,5.714,2.928,9.319,5.936,3.235,2.884,3.442,3.245,7.062,3.717
30,3.606,2.73,9.13,6.943,3.806,2.974,3.121,3.125,7.531,3.717
31,5.091,2.699,8.925,6.079,3.149,3.21,3.547,3.197,8.85,3.815
32,3.64,2.894,8.955,6.695,3.175,2.713,3.502,2.782,7.462,3.493
33,3.785,2.669,8.532,6.047,3.319,3.238,3.455,3.684,7.486,3.567
34,3.339,2.558,8.592,6.926,3.271,3.497,3.572,3.019,7.614,3.491
35,4.245,2.684,8.86,6.595,3.145,2.958,3.444,3.176,7.22,3.531
36,3.994,2.876,8.726,6.95,3.492,2.813,3.638,3.17,6.334,3.716
37,3.567,2.617,8.765,5.182,3.069,2.934,4.028,3.227,7.848,3.897
38,5.322,2.655,9.48,7.541,4.148,3.041,3.727,3.436,7.757,3.593
39,3.467,2.934,8.677,5.628,3.578,3.379,3.641,4.301,7.557,3.698
40,3.489,2.796,8.944,7.992,6.945,2.869,3.707,3.373,7.14,3.822
41,5.441,2.756,9.184,5.904,4.291,2.872,4.039,3.266,7.784,3.812
42,3.079,3.134,9.184,6.906,3.117,3.259,3.537,3.259,7.489,3.532
43,4.853,2.811,9.201,6.16,3.769,3.615,3.591,3.66,6.922,4.134
44,4.563,2.913,8.819,5.3,4.3,3.233,4.116,3.2,7.365,3.772
45,3.713,2.678,8.503,6.694,3.025,2.891,3.59,3.715,7.591,3.706
46,4.316,3.04,8.741,6.149,3.746,3.155,3.581,3.227,7.863,3.872
47,3.769,3.011,9.163,6.209,3.785,3.295,3.334,3.251,7.218,3.957
48,5.454,2.692,9.072,5.868,3.685,2.754,3.281,3.082,7.486,3.399
49,4.283,3.116,8.936,5.924,5.423,3.017,3.153,3.311,7.638,3.652
50,4.397,2.838,8.611,5.573,3.716,3.169,3.279,3.123,8.045,3.866
51,5.019,2.732,8.846,7.248,3.009,3.031,4.071,3.124,7.422,3.654
52,5.209,2.64,8.515,5.558,3.415,3.234,3.673,4.158,7.517,3.555
53,4.617,2.955,8.975,7.203,2.993,3.331,4.096,3.114,7.892,3.914
54,5.656,2.825,7.904,6.695,3.244,3.113,3.475,3.553,7.793,3.375
55,5.162,3.051,9.036,5.936,4.061,2.871,4.013,3.15,7.91,3.556
56,5.073,3.878,8.539,5.528,3.786,3.235,3.777,3.58,7.03,3.559
57,5.174,2.64,8.806,5.706,3.042,3.235,3.602,2.863,7.649,3.911
58,4.984,2.862,8.906,7.196,4.559,2.895,3.197,3.243,7.705,3.887
59,5.415,2.788,8.823,5.423,3.613,3.356,4.1,3.016,8.06,3.702
60,4.758,2.842,8.748,7.783,3.027,2.984,3.661,3.062,6.904,3.429
61,5.375,2.705,8.97,6.3,3.45,2.781,3.769,3.061,7.357,3.871
62,4.93,2.701,8.968,6.466,4.934,3.161,3.803,3.013,8.018,3.733
63,3.591,2.933,9.671,6.312,4.384,3.81,3.558,3.037,6.174,3.827
64,3.84,2.859,9.278,7.542,3.052,3.036,3.433,3.101,7.54,4.29
65,5.021,3.394,9.061,6.324,3.915,3.177,3.577,2.999,7.835,3.93
66,4.195,3.2,8.346,7.208,3.298,3.482,3.447,3.614,7.688,3.358
67,3.248,2.755,8.624,6.28,4.062,3.167,3.48,3.318,7.309,3.656
68,4.444,2.847,8.63,6.434,3.691,3.041,3.526,3.448,7.215,4.01
69,4.106,2.897,9.25,6.092,3.786,3.326,4.252,3.055,6.719,3.616
70,4.232,2.575,8.742,6.163,3.835,3.2,3.593,3.227,6.631,4.024
71,4.683,2.842,8.891,6.606,2.953,3.822,3.701,3.134,7.383,3.851
72,3.756,2.802,8.806,5.413,3.459,3.517,3.84,3.309,6.594,3.866
73,4.306,2.911,8.723,6.034,3.31,3.144,3.271,3.122,8.115,4.052
74,4.977,2.662,9.658,6.093,3.236,2.645,3.92,2.878,7.613,3.527
75,5.752,2.746,8.244,5.382,3.149,3.214,3.404,2.995,7.426,3.558
76,4.059,2.582,8.563,5.966,3.054,3.02,3.791,3.193,7.029,3.632
77,4.133,2.81,8.91,5.303,3.652,3.215,3.552,3.753,7.68,3.413
78,4.98,2.812,8.489,5.338,3.379,3.235,3.551,3.49,8.141,3.586
79,3.396,2.723,9.037,7.117,3.17,2.999,3.503,3.133,8.204,3.368
80,5.197,2.539,8.652,7.774,3.2,2.984,3.559,3.36,7.945,3.75
81,4.55,2.689,8.727,4.905,4.275,3.036,3.654,3.23,7.326,3.895
82,5.643,2.923,8.857,6.198,3.541,3.982,3.544,3.134,8.173,3.57
83,4.948,2.677,9.916,6.546,3.793,2.967,3.172,3.173,7.135,3.444
84,3.954,2.7,9.417,5.402,3.034,2.913,3.685,3.082,7.191,3.968
85,4.723,2.852,8.893,5.811,4.161,3.041,3.84,3.353,7.563,3.779
86,5.202,2.8,8.776,5.823,3.282,3.268,4.245,3.111,7.758,3.836
87,3.053,2.758,8.394,7.962,3.822,2.953,3.506,3.062,6.821,3.676
88,4.203,2.546,9.104,5.641,3.235,3.355,3.77,3.212,7.634,3.427
89,3.982,2.859,8.745,6.62,3.23,3.475,3.855,3.198,7.399,3.604
90,4.191,2.812,8.725,5.695,4.113,2.996,3.175,3.356,7.384,3.679
91,4.692,3.028,8.899,6.507,3.142,3.121,3.635,3.402,7.961,3.806
92,4.816,2.727,10.049,6.09,3.076,2.836,3.534,3.185,7.598,3.541
93,4.931,2.909,8.806,5.534,3.135,3.141,3.113,3.162,7.441,4.332
94,5.224,2.799,8.881,6.227,4.325,3.394,3.323,3.105,7.819,3.675
95,3.94,2.939,8.995,5.368,4.176,3.135,3.286,3.443,6.813,3.567
96,4.025,2.897,8.843,6.102,3.118,2.692,3.697,3.388,7.682,3.729
97,3.234,2.77,9.504,6.732,4.058,3.27,3.923,3.433,7.847,3.939
98,4.602,2.807,9.452,5.708,2.973,3.094,3.619,2.87,7.514,5.009
99,4.572,2.745,8.106,5.359,3.526,2.938,3.341,3.278,7.205,3.267
100,5.426,2.804,9.295,6.387,3.636,3.066,3.815,3.409,7.25,5.041
101,5.065,2.762,9.059,7.023,3.087,2.685,3.377,3.379,6.858,3.525
102,4.826,3.295,9.507,7.197,3.154,3.349,3.997,3.06,7.378,4.113
103,5.092,2.804,8.287,6.61,3.183,2.992,4.02,3.036,7.768,3.741
104,4.135,2.787,8.971,6.218,3.091,2.894,3.747,3.592,7.266,3.507
105,6.231,2.746,8.41,6.091,3.351,3.175,3.682,3.108,8.301,3.803
106,5.425,2.722,8.855,5.842,5.407,2.958,3.278,2.873,7.086,3.701
107,4.171,3.0,8.58,5.913,3.578,2.765,3.475,2.954,6.734,3.562
108,4.186,2.75,8.989,6.379,3.045,2.846,3.949,3.205,7.081,3.694
109,6.192,2.954,8.735,5.715,4.961,3.169,3.787,3.445,8.48,3.621
110,6.454,2.773,8.564,5.902,3.038,3.234,3.862,3.352,7.839,3.359
111,5.182,2.905,7.744,5.384,4.13,2.983,3.379,3.466,6.94,3.471
112,5.128,2.787,9.056,5.683,2.992,3.121,3.782,3.485,8.177,3.762
113,5.945,3.188,9.691,6.112,4.144,2.836,3.604,3.461,7.432,3.299
114,4.64,2.677,9.075,5.637,3.226,2.972,3.95,3.361,8.254,3.677
115,4.117,2.793,8.774,6.974,3.887,3.133,3.373,3.349,7.926,3.733
116,4.282,2.605,9.088,6.216,3.184,2.903,3.712,3.093,6.956,3.545
117,5.471,2.66,8.522,5.471,3.648,2.96,3.551,2.902,7.072,3.545
118,5.644,2.82,9.494,6.735,3.068,3.078,3.878,3.255,8.217,3.478
119,4.543,2.871,8.747,5.761,3.8,3.606,3.643,3.361,6.475,3.994
120,5.116,2.635,9.079,5.685,4.06,3.137,3.456,3.177,8.288,3.924
121,3.502,2.854,7.991,4.246,4.133,2.937,3.436,3.199,7.156,3.818
122,4.845,2.652,8.894,6.545,5.715,3.497,3.951,3.373,7.148,4.111
123,4.442,2.899,8.616,5.144,3.281,3.132,3.216,3.422,7.102,3.755
124,3.448,2.813,9.284,5.918,5.25,3.263,3.884,3.678,8.11,3.596
125,4.005,2.508,9.91,7.284,4.047,2.801,3.789,3.195,7.193,3.778
126,5.429,4.031,9.196,7.596,5.298,3.083,3.507,3.126,7.972,3.973
127,4.536,2.699,8.796,5.682,3.801,3.156,3.996,3.57,6.431,3.605
128,4.028,2.903,8.671,5.811,3.191,3.24,3.246,3.214,6.864,3.72
129,4.218,3.041,9.126,5.812,3.069,3.304,3.651,3.021,8.076,3.911
130,3.681,2.897,8.541,6.095,3.222,3.152,3.223,3.469,7.428,3.655
131,4.03,2.907,8.972,6.554,3.895,3.116,3.302,3.032,7.854,3.553
132,5.878,2.703,8.672,6.494,3.483,3.396,4.332,3.163,7.826,3.928
133,3.265,2.891,8.94,6.625,3.73,3.312,3.692,3.242,6.796,4.369
134,4.489,2.792,8.982,6.923,3.995,3.009,3.319,3.341,7.544,3.512
135,4.462,3.007,8.532,5.355,3.221,3.131,3.473,3.756,7.537,3.405
136,4.726,2.781,9.38,5.679,4.231,3.516,3.597,3.412,6.771,4.093
137,5.347,2.818,9.238,5.8,4.013,3.052,3.449,3.336,7.862,3.817
138,3.498,2.741,8.462,7.285,3.815,2.965,3.53,3.24,7.565,3.759
139,3.382,2.817,8.785,6.851,3.982,3.108,3.236,2.959,7.189,3.652
140,3.91,2.781,9.303,5.278,4.947,2.842,3.422,3.577,7.819,3.823
141,4.389,2.907,8.788,6.137,3.219,3.248,4.211,3.235,7.112,3.582
142,4.494,3.288,9.268,6.611,3.481,2.913,3.23,3.35,6.707,4.013
143,4.321,2.773,8.585,5.676,3.636,2.779,3.612,3.313,7.849,3.708
144,3.335,2.658,7.954,6.613,3.089,3.161,3.985,3.159,7.193,3.648
145,3.184,2.731,8.709,6.207,3.149,3.293,3.807,3.491,7.841,3.367
146,3.784,2.706,9.883,6.109,3.544,2.962,3.509,3.469,8.024,3.873
147,4.425,3.023,9.024,6.483,3.734,2.861,3.823,3.369,7.622,3.82
148,4.024,2.826,9.742,6.019,3.655,2.759,3.692,3.333,8.162,4.217
149,3.805,2.783,9.569,5.934,3.842,3.598,3.568,2.857,7.199,4.456
150,5.204,3.075,8.811,6.577,3.124,3.096,3.176,3.314,8.026,3.783
151,3.318,2.718,8.544,6.134,3.247,3.126,3.531,3.314,7.659,3.599
152,5.171,2.909,8.586,6.511,3.721,2.701,3.438,3.272,7.543,3.405
153,3.562,2.706,8.787,6.479,3.058,3.088,3.216,3.573,7.242,3.662
154,4.591,2.726,8.453,6.617,3.116,2.936,3.621,2.935,7.538,3.766
155,4.267,2.807,9.249,5.78,3.134,3.313,3.633,3.566,7.774,3.485
156,6.089,2.771,8.291,6.328,3.179,3.302,3.372,3.568,7.787,3.799
157,3.971,2.691,8.646,6.234,2.922,3.637,3.423,3.11,7.423,3.724
158,5.632,2.862,9.981,6.831,2.984,2.782,3.064,2.861,8.476,3.498
159,3.877,2.884,9.12,6.07,4.183,3.48,3.145,3.601,6.473,4.394
160,3.991,3.034,9.05,5.213,4.369,3.025,3.561,3.192,8.245,4.0
161,5.71,2.976,8.567,6.38,3.703,3.331,3.324,3.17,7.604,3.874
162,5.909,3.341,9.519,6.579,3.154,3.075,3.921,3.311,7.485,3.556
163,3.708,3.174,8.972,7.276,3.401,3.297,3.214,3.235,7.271,3.565
164,3.224,2.8,8.797,6.859,4.423,2.784,3.367,2.92,7.457,3.346
165,5.519,2.832,8.971,5.555,3.086,2.78,3.504,3.114,6.995,3.858
166,4.802,2.697,8.364,6.341,2.991,2.823,3.619,3.243,7.227,3.755
167,5.465,2.63,8.623,5.794,3.257,2.802,3.807,3.2,8.074,3.873
168,5.778,2.896,9.039,6.086,2.953,2.783,3.426,3.047,7.672,3.414
169,5.038,2.588,8.009,6.507,3.104,2.928,3.45,2.915,7.371,3.541
170,4.837,2.578,8.975,6.534,3.302,2.926,3.658,3.537,7.616,3.684
171,4.576,2.807,8.329,7.313,3.065,3.235,3.662,2.858,7.974,3.881
172,5.284,2.731,9.346,6.246,3.961,2.828,3.304,3.201,7.933,3.578
173,6.272,2.885,9.206,6.334,3.913,3.032,3.513,3.211,8.003,4.417
174,5.295,3.065,8.224,6.403,3.163,3.568,3.264,3.294,8.275,3.835
175,4.398,3.268,8.712,5.275,2.999,2.893,3.991,2.894,6.868,3.196
176,4.855,3.146,10.072,5.648,3.046,2.949,3.633,2.868,7.609,3.118
177,5.54,2.666,8.682,6.576,3.176,2.919,3.962,3.544,6.533,3.359
178,6.517,2.659,8.417,6.316,3.489,2.991,4.517,3.212,7.375,3.523
179,3.922,3.009,8.834,5.528,4.393,2.769,3.466,3.225,6.865,3.755
180,4.4,3.39,9.236,5.881,3.117,3.611,3.641,2.95,7.58,3.626
181,4.593,2.817,8.968,5.305,6.664,3.369,3.247,3.144,7.548,3.837
182,4.357,2.872,8.824,6.164,3.82,2.904,3.445,3.464,8.195,3.598
183,3.341,2.612,8.924,5.89,3.583,3.036,3.398,2.969,7.253,3.695
184,3.224,2.746,8.711,6.01,3.039,3.28,3.927,3.225,7.724,3.923
185,5.359,2.68,8.745,7.095,2.972,2.806,4.558,3.232,7.558,3.472
186,3.87,2.614,8.076,6.215,3.175,3.301,3.354,3.346,7.744,3.506
187,3.472,2.996,8.754,5.822,5.761,2.874,3.758,3.541,8.659,3.88
188,4.499,2.911,8.64,5.845,5.032,2.741,3.791,3.157,7.416,3.981
189,3.958,2.528,8.864,6.475,4.523,3.142,3.618,3.116,7.586,3.971
190,3.009,2.813,9.118,5.348,3.301,2.902,3.409,3.443,7.045,3.111
191,5.47,2.896,9.387,6.003,3.089,2.864,3.863,2.988,8.45,3.714
192,4.152,2.584,8.777,5.934,3.895,4.001,3.374,3.092,7.726,3.793
193,6.191,2.907,9.614,6.788,4.465,3.21,3.298,3.463,8.091,3.657
194,5.729,2.823,8.267,6.666,4.07,3.241,3.55,3.221,7.756,3.632
195,3.36,2.971,8.971,6.326,3.054,3.389,3.374,2.949,7.287,4.125
196,4.76,3.034,9.16,6.15,4.145,2.843,3.433,3.562,7.763,3.821
197,4.377,2.787,9.227,7.576,4.394,3.195,3.606,3.776,6.646,3.762
198,5.056,3.392,8.568,6.831,4.891,2.845,3.549,3.279,8.44,3.933
199,4.624,3.052,9.414,7.129,4.521,3.333,3.5,2.96,8.23,4.155
200,4.879,2.681,8.751,6.765,4.144,3.002,3.524,3.251,7.438,3.617
201,4.955,3.012,8.822,6.864,3.659,3.203,3.584,3.441,7.779,3.437
202,5.741,2.754,8.758,6.027,3.119,2.95,3.308,2.945,7.585,3.594
203,5.905,2.871,8.994,6.515,3.07,2.995,3.876,3.241,7.681,3.431
204,4.177,2.833,8.966,6.272,3.233,3.306,3.995,3.072,7.195,3.575
205,5.422,2.703,9.218,6.934,3.102,3.169,3.217,3.381,7.547,3.557
206,4.68,2.703,8.765,7.107,3.225,3.807,3.099,3.43,7.722,3.52
207,3.22,2.896,9.673,6.888,3.106,3.384,3.589,3.141,7.989,3.691
208,4.678,2.714,7.964,6.951,3.549,3.357,3.917,2.933,7.47,3.896
209,4.161,2.858,8.495,7.007,3.5,2.874,3.626,3.128,7.493,3.72
210,4.569,2.64,9.149,7.018,3.653,3.555,3.54,3.009,7.713,3.391
211,5.572,2.682,8.642,6.239,3.026,3.061,3.598,2.904,7.893,3.734
212,4.415,2.711,9.222,7.416,3.163,3.065,3.41,2.945,6.687,4.312
213,5.015,3.143,8.65,6.386,3.15,2.877,3.897,3.254,7.888,3.534
214,3.485,2.964,8.987,6.434,3.575,3.582,3.391,3.184,7.6,3.638
215,4.538,2.908,8.968,6.149,3.677,3.17,3.208,3.218,7.604,3.809
216,5.508,2.958,9.309,5.111,3.475,2.826,3.571,3.503,7.825,4.038
217,4.751,2.859,8.956,5.708,3.62,2.99,3.193,3.402,7.838,3.76
218,4.941,2.734,8.661,7.27,3.15,3.04,3.924,3.046,6.597,3.352
219,4.192,2.684,9.273,5.88,4.329,3.532,3.341,3.004,8.533,3.967
220,3.28,2.729,9.246,6.311,3.611,3.154,3.645,3.826,7.074,3.561
221,3.695,2.905,9.589,5.947,3.593,3.118,3.36,3.366,7.241,3.307
222,4.731,3.105,9.232,5.904,3.467,3.697,3.834,3.519,7.881,3.925
223,3.491,2.873,8.849,5.912,3.088,3.482,3.402,3.207,7.395,3.223
224,6.004,2.656,7.774,7.879,3.409,3.022,3.315,3.352,7.86,3.328
225,3.735,3.005,8.974,6.137,3.682,3.138,4.065,3.194,7.673,3.948
226,4.998,2.836,8.863,6.019,3.104,3.06,3.413,3.29,8.623,3.654
227,5.702,2.828,8.836,6.431,4.773,3.084,3.763,3.389,8.215,3.586
228,3.207,2.618,9.064,5.601,3.421,3.075,3.914,3.403,7.167,3.617
229,6.104,2.78,9.118,4.96,3.192,3.152,3.321,3.31,7.634,3.472
230,5.009,2.891,8.917,6.587,3.184,2.99,3.749,3.442,8.089,3.649
231,4.386,2.712,8.345,6.613,3.27,3.221,3.899,3.053,7.543,3.332
232,4.294,2.643,8.834,5.824,3.648,3.348,3.656,3.561,6.82,3.472
233,5.515,2.713,8.836,5.747,3.522,3.297,4.172,3.114,8.309,3.989
234,4.222,2.89,8.591,6.066,3.0,2.823,4.506,2.87,6.915,3.794
235,3.458,2.768,8.75,6.729,3.79,3.079,4.149,3.299,6.654,3.784
236,5.094,2.933,9.79,5.62,6.266,3.658,3.43,3.624,7.043,4.633
237,3.735,2.506,8.77,5.97,3.458,3.057,3.125,3.27,7.799,4.133
238,3.481,2.814,9.059,6.507,3.74,2.921,3.568,3.28,6.866,3.362
239,3.923,2.68,8.806,5.69,3.536,3.015,3.65,2.97,7.391,3.513
240,4.234,2.95,9.03,5.514,3.376,3.292,3.388,3.116,7.936,3.858
241,4.018,2.83,8.698,4.878,3.289,2.93,3.811,3.602,7.761,3.708
242,4.985,2.842,8.746,6.22,3.582,2.849,3.467,3.318,7.527,3.765
243,4.549,2.935,7.824,6.138,3.021,2.976,3.52,3.536,6.774,3.635
244,4.128,2.887,8.584,6.152,3.747,3.072,3.159,3.088,7.051,3.799
245,3.558,3.057,10.012,5.502,3.236,3.057,3.809,3.515,7.778,3.601
246,4.23,2.662,8.638,6.569,3.131,3.16,3.725,3.329,7.551,3.695
247,6.351,2.776,9.544,6.766,3.979,2.964,3.29,3.011,7.61,3.796
248,3.67,2.759,9.189,6.805,4.011,3.163,3.512,3.02,6.889,4.318
249,4.035,2.913,8.712,6.05,3.935,3.12,3.614,3.597,6.757,3.996
250,4.955,3.096,8.397,6.78,3.914,3.157,4.052,3.105,7.255,4.083
251,3.94,3.063,8.657,5.753,3.425,3.007,3.498,3.306,7.352,3.945
252,4.824,2.92,8.989,6.209,3.104,2.881,3.495,3.493,7.029,3.832
253,4.382,2.852,8.601,7.031,5.352,3.304,3.618,3.236,7.821,3.914
254,3.27,2.674,8.557,6.506,3.147,2.985,3.568,3.032,7.447,3.803
255,4.221,2.811,8.439,5.737,4.003,3.311,3.797,3.466,7.5,4.665
256,3.631,2.845,8.766,8.068,4.675,3.375,3.828,3.001,7.436,4.213
257,4.255,2.889,8.662,6.253,4.55,3.043,3.854,2.98,7.594,3.392
258,4.147,2.829,8.731,4.492,4.023,3.047,3.273,2.983,7.168,3.467
259,3.147,2.976,8.763,6.701,3.581,2.934,3.79,2.947,7.39,3.681
260,4.754,3.03,9.09,6.088,3.252,3.063,3.574,3.015,7.66,3.9
261,4.477,2.792,8.35,6.004,3.106,2.993,3.29,3.556,7.328,3.641
262,4.222,2.748,8.246,6.311,3.762,3.303,3.247,3.07,7.022,3.399
263,5.113,2.672,8.677,7.648,3.169,2.731,3.663,3.523,6.503,4.095
264,4.423,2.852,7.996,6.007,3.74,2.919,3.465,3.082,7.893,3.316
265,3.946,2.629,9.196,6.853,3.862,2.892,3.305,3.0,8.022,4.14
266,4.78,2.775,9.316,5.692,3.929,3.115,3.16,2.838,8.492,4.154
267,6.79,2.814,8.683,6.486,5.325,2.799,3.545,3.39,7.328,3.707
268,4.469,2.834,8.827,6.526,3.304,3.227,3.944,3.365,7.594,3.427
269,3.877,2.817,8.828,5.991,3.068,2.989,3.65,3.243,7.381,4.09
270,3.907,2.895,8.95,6.669,3.214,3.116,3.673,3.494,8.126,3.861
271,3.299,2.772,8.644,7.701,3.001,3.028,3.428,2.824,6.622,3.831
272,4.751,3.333,9.035,5.582,4.292,3.193,3.514,2.774,8.063,3.757
273,4.622,2.931,9.541,7.318,3.202,2.711,3.533,3.096,7.733,3.721
274,6.28,3.156,8.422,7.012,3.228,2.821,3.645,2.872,7.973,3.829
275,4.602,2.687,8.861,6.887,3.479,2.75,3.247,3.391,8.39,4.414
276,4.609,2.783,8.315,6.586,3.11,2.789,3.419,3.297,6.56,3.872
277,5.192,2.793,8.678,6.105,3.211,2.989,3.55,3.215,7.374,3.628
278,4.501,2.995,9.025,5.932,3.041,3.119,3.409,3.522,7.635,3.497
279,3.561,2.684,8.074,5.068,3.11,3.383,3.359,3.165,6.795,3.604
280,4.312,2.743,9.4,5.604,3.489,3.339,3.603,3.065,7.759,4.156
281,3.964,3.154,8.801,5.571,3.138,3.532,3.614,3.236,7.575,3.35
282,3.374,2.841,9.054,6.765,3.155,2.961,3.269,3.057,7.123,4.072
283,5.405,2.698,9.403,6.172,4.081,2.997,3.895,3.373,7.853,3.583
284,5.014,2.758,9.447,7.389,4.241,3.025,3.981,3.368,7.029,4.522
285,4.232,2.722,9.055,7.619,3.673,3.372,3.429,3.163,7.879,3.602
286,3.722,2.788,9.064,6.459,4.005,2.802,3.662,3.112,7.407,3.511
287,4.497,2.65,9.377,6.82,5.673,3.183,3.46,3.347,7.59,3.827
288,4.656,2.764,8.842,6.307,3.611,2.956,3.819,3.24,8.654,3.681
289,4.24,2.76,9.06,7.189,3.332,3.135,3.879,3.485,7.998,4.043
290,5.04,2.792,9.033,6.806,4.045,2.959,3.572,3.356,7.321,3.684
291,3.692,2.845,9.12,7.343,3.848,2.975,3.334,3.059,7.174,3.711
292,4.003,4.288,8.769,6.635,3.107,3.023,3.713,3.297,8.141,3.659
293,4.044,2.869,8.966,5.356,4.44,3.324,3.403,3.518,6.994,3.745
294,4.581,2.891,7.902,6.085,3.165,2.837,3.451,3.083,7.34,3.382
295,3.853,2.505,8.84,6.484,3.907,2.803,4.085,3.147,7.338,4.674
296,6.775,2.79,8.646,6.074,4.569,2.906,4.127,3.387,8.482,3.692
297,4.275,2.712,8.731,5.738,5.479,3.056,4.05,3.309,7.347,3.8
298,4.464,2.613,8.004,7.738,4.446,3.21,3.303,2.963,7.915,4.676
299,5.517,3.117,8.876,5.503,3.352,2.734,4.096,3.339,7.657,3.623
300,4.451,2.934,9.627,7.682,3.03,2.867,3.247,3.228,7.279,3.281
301,4.602,2.66,8.764,7.117,4.209,2.767,3.671,3.242,7.068,3.605
302,5.508,2.705,8.856,6.221,3.677,2.876,3.881,3.38,7.467,3.501
303,4.514,2.714,8.902,6.578,3.053,2.902,3.351,3.026,7.565,3.581
304,5.123,3.016,8.903,5.569,5.252,2.875,3.826,3.074,6.922,3.443
305,4.933,2.627,8.853,5.562,3.186,2.95,3.498,3.326,7.303,3.811
306,5.83,2.699,8.868,6.178,3.504,3.016,3.444,3.303,7.314,3.457
307,4.141,2.634,8.231,6.01,3.025,3.236,3.663,3.462,8.203,3.607
308,4.03,2.757,8.486,8.569,3.674,2.822,3.431,3.333,7.488,3.673
309,4.906,2.813,9.057,5.725,4.065,2.993,3.597,3.483,8.35,3.681
310,4.259,2.57,9.347,5.382,4.677,2.8,3.645,3.635,7.719,3.86
311,3.489,2.821,8.567,6.231,3.599,3.238,3.842,3.203,6.348,3.844
312,5.525,3.287,9.096,6.568,3.151,3.276,3.691,3.263,7.697,3.78
313,6.215,3.003,8.288,7.073,3.203,3.171,3.58,3.424,6.625,3.247
314,5.128,2.656,9.202,6.098,4.884,3.423,3.795,3.179,6.947,4.44
315,5.104,2.801,9.025,6.862,5.725,2.806,4.104,3.186,7.625,3.704
316,4.65,2.752,8.942,6.863,3.043,3.403,3.355,3.24,8.225,3.918
317,3.484,3.042,9.062,6.203,4.479,5.394,3.648,3.356,7.438,4.346
318,5.322,2.599,8.913,7.041,3.066,3.159,3.495,3.353,7.477,3.635
319,4.769,3.236,8.75,6.804,3.02,3.325,3.392,3.298,8.295,4.433
320,5.347,2.718,8.34,6.947,3.262,2.707,3.622,3.258,7.713,3.249
321,4.382,2.73,8.931,5.86,3.043,2.982,3.729,2.933,7.248,4.063
322,4.579,2.959,9.016,6.09,3.48,3.366,3.634,3.634,7.401,3.658
323,3.773,2.915,6.704,6.216,4.524,2.679,3.423,3.221,7.06,4.242
324,3.812,2.887,9.11,6.224,5.333,2.871,3.511,3.101,8.117,3.219
325,3.993,2.624,8.15,6.078,2.95,3.202,3.862,3.299,8.16,3.427
326,4.794,2.689,8.906,5.62,4.609,2.885,4.161,3.106,7.415,3.347
327,4.111,4.012,8.657,6.312,3.986,3.142,3.946,3.669,7.728,3.922
328,3.129,2.81,8.834,6.817,3.136,3.314,3.859,3.183,7.741,4.078
329,4.862,3.764,8.941,6.741,3.853,3.222,3.573,3.064,8.082,4.412
330,3.439,2.748,8.323,5.832,3.748,3.128,3.994,3.133,6.778,4.113
331,4.104,2.845,9.238,6.699,3.452,3.164,3.628,3.342,6.608,3.829
332,4.283,2.643,9.18,7.069,4.021,3.442,3.249,3.251,7.433,3.761
333,3.528,3.247,9.168,6.082,3.667,2.79,3.386,3.003,6.426,3.607
334,6.286,2.821,8.955,5.726,3.323,3.149,4.061,3.072,7.93,3.954
335,5.665,3.823,9.109,5.087,3.702,2.973,3.328,3.226,6.932,3.642
336,5.455,2.976,9.347,6.681,3.628,3.058,3.294,3.113,8.319,4.169
337,5.759,2.72,9.257,6.679,3.889,2.873,3.956,3.105,7.524,3.99
338,5.064,3.036,8.693,7.387,3.117,3.032,3.319,2.967,7.583,3.742
339,4.177,2.598,8.743,7.578,3.078,2.939,3.247,3.073,7.969,3.894
340,5.165,2.648,9.386,6.532,2.983,2.803,3.743,3.207,7.371,3.458
341,5.656,2.746,8.775,6.449,3.146,2.745,3.644,3.276,7.636,3.582
342,4.521,2.855,8.825,6.82,4.455,2.964,4.284,3.401,7.42,3.59
343,3.897,2.846,9.065,6.343,4.529,2.898,3.811,2.986,8.534,3.775
344,5.843,2.835,8.297,6.235,3.081,3.298,3.502,3.271,8.29,3.802
345,5.449,2.727,8.46,5.825,3.223,3.08,3.362,3.567,7.591,3.694
346,5.911,2.86,8.633,5.355,5.143,3.274,3.278,3.424,7.281,3.579
347,5.275,2.988,9.129,7.444,3.48,3.077,3.536,3.015,6.943,4.35
348,4.589,3.095,8.801,6.398,3.665,3.272,3.753,3.1,8.039,3.484
349,5.452,2.81,9.084,5.215,3.168,3.055,3.369,3.003,7.45,3.282
350,6.351,3.005,9.43,6.15,5.082,2.913,3.275,2.997,7.773,3.557
351,3.63,2.893,9.148,6.595,4.578,3.083,3.449,3.054,8.246,4.165
352,5.353,2.908,9.35,6.332,3.43,2.776,4.078,3.219,8.03,3.935
353,6.21,2.618,9.79,6.701,3.055,3.058,3.519,3.276,7.992,3.249
354,4.252,2.778,8.82,6.28,2.968,3.016,3.622,2.864,7.271,3.637
355,4.6,3.143,8.762,6.384,6.208,3.293,3.228,3.684,7.64,3.522
356,5.381,2.674,8.726,6.109,2.983,3.159,3.746,2.956,7.158,3.714
357,5.144,2.98,9.301,6.284,3.164,3.34,3.56,3.242,7.613,3.637
358,5.299,2.829,8.747,6.877,5.489,2.945,4.103,3.023,7.27,3.716
359,3.666,2.912,8.303,5.153,4.164,3.149,3.125,3.527,7.88,3.637
360,3.214,2.88,8.843,6.481,3.292,3.14,3.415,3.397,7.297,3.783
361,6.026,2.858,8.765,6.131,3.637,2.866,3.656,3.38,7.818,3.783
362,5.149,2.94,8.909,5.996,3.149,2.811,3.634,3.216,8.35,3.771
363,4.106,2.982,8.476,5.594,3.84,3.041,3.399,3.122,7.897,3.718
364,5.221,3.531,8.358,6.371,3.92,3.184,3.295,2.874,8.241,3.968
365,3.95,2.526,8.7,5.905,3.537,3.003,3.396,2.979,7.676,3.481
366,5.764,2.725,9.027,6.032,3.274,3.13,3.621,2.992,8.132,3.65
367,5.282,2.65,8.985,5.588,3.804,2.87,3.77,3.385,8.264,4.128
368,4.095,3.005,8.782,6.632,5.41,3.196,3.5,3.343,8.178,3.677
369,3.176,2.589,8.725,6.483,3.844,2.902,3.196,3.343,6.94,3.813
370,4.35,2.938,8.935,6.039,3.321,3.011,3.518,3.419,8.45,3.822
371,3.943,2.698,8.811,5.25,3.029,3.31,3.409,3.022,7.584,3.833
372,5.496,2.71,8.359,5.781,3.156,2.988,3.364,3.177,7.446,3.659
373,5.617,2.665,8.329,6.728,3.683,3.008,3.836,3.054,7.281,3.505
374,4.437,3.306,8.887,5.871,4.02,2.966,3.506,3.609,7.386,3.773
375,4.024,3.031,8.627,8.1,3.186,3.226,3.655,2.963,8.071,3.436
376,4.066,3.063,9.736,6.142,3.21,2.835,3.733,3.398,7.981,3.41
377,4.49,3.249,9.254,6.64,2.928,3.117,3.755,3.102,7.392,3.353
378,5.998,3.149,10.126,6.2,3.242,3.164,3.793,3.367,7.397,3.683
379,3.841,2.883,8.311,7.243,3.094,4.191,3.581,3.169,7.786,3.806
380,6.11,2.719,8.384,6.911,3.57,3.178,3.244,3.937,7.117,3.549
381,4.157,3.019,9.249,7.781,3.062,2.88,4.022,3.556,8.061,3.704
382,4.303,2.808,9.308,7.223,3.083,3.576,3.282,3.513,7.173,3.566
383,3.792,2.878,8.532,5.644,3.041,3.11,3.564,3.065,7.226,3.673
384,4.073,2.794,8.837,6.198,6.808,3.41,4.142,3.394,7.496,3.589
385,4.193,2.923,9.069,6.164,4.515,3.009,3.513,3.241,7.445,3.695
386,3.768,2.815,8.891,5.504,4.879,2.914,3.41,3.095,8.333,3.384
387,3.386,2.766,10.019,5.635,3.182,3.0,3.284,2.971,7.325,3.618
388,4.64,2.861,9.6,5.874,3.013,3.07,3.638,3.261,7.43,3.847
389,3.669,2.616,9.93,6.489,3.733,2.905,3.605,3.074,7.356,3.182
390,4.738,2.905,9.39,6.128,3.327,2.939,3.733,2.994,9.612,3.376
391,5.027,2.748,8.89,5.35,3.37,3.125,3.312,3.308,7.056,3.883
392,4.113,2.832,9.317,4.967,3.636,3.288,2.812,3.342,7.337,3.736
393,4.368,2.838,8.754,6.221,3.194,2.864,3.45,3.235,7.263,3.846
394,4.867,2.711,8.837,7.711,3.16,3.63,4.004,3.035,6.933,3.557
395,4.201,2.861,8.665,6.162,3.259,3.206,3.376,2.945,8.184,3.525
396,4.026,2.961,8.373,5.303,5.314,3.029,3.517,3.313,8.092,3.654
397,4.815,2.617,8.899,5.546,4.845,3.186,3.669,3.168,8.275,3.454
398,3.731,3.646,8.937,6.106,3.41,3.236,3.603,4.187,8.117,3.458
399,4.409,2.628,7.869,5.826,3.206,2.838,3.39,3.169,7.541,3.735
400,4.162,2.989,8.918,6.813,4.306,3.275,3.521,2.824,7.598,3.498
401,5.522,2.836,9.081,5.629,3.745,3.66,4.006,3.305,7.565,3.455
402,4.058,3.018,8.893,5.222,3.314,2.859,3.708,3.355,7.93,3.532
403,6.394,2.718,9.027,6.729,3.206,2.917,3.9,3.536,7.977,3.616
404,4.123,2.74,8.676,6.639,4.73,2.785,3.571,3.252,7.37,3.717
405,5.014,2.8,9.222,7.27,3.449,3.138,3.316,3.015,7.925,3.175
406,4.699,2.77,8.859,5.794,3.643,3.307,3.832,3.493,7.488,3.42
407,3.816,2.632,8.677,6.498,3.349,3.108,3.548,3.222,7.811,3.289
408,4.434,2.808,7.966,5.636,3.015,2.924,3.343,3.347,7.539,3.587
409,3.421,2.695,8.609,5.835,4.167,2.932,3.33,3.431,6.938,3.973
410,3.706,2.897,8.946,5.547,3.023,3.094,3.432,3.267,7.581,3.467
411,4.625,3.101,9.858,6.031,3.375,2.712,3.802,4.034,7.729,3.573
412,4.961,2.999,9.377,6.136,3.274,3.036,3.719,3.133,8.176,3.973
413,4.859,2.97,9.605,6.598,3.485,3.231,3.984,3.448,7.546,3.689
414,5.366,2.805,9.192,5.054,3.561,3.088,3.993,3.31,8.042,3.61
415,3.729,2.824,9.637,6.468,3.748,3.1,3.742,3.25,7.016,3.627
416,4.991,2.774,8.917,6.602,3.265,3.116,4.178,3.09,7.458,3.651
417,4.886,2.659,8.895,6.59,3.233,2.854,3.38,3.271,7.241,3.603
418,4.475,2.812,8.91,6.758,2.912,2.798,3.089,3.134,7.89,3.683
419,5.457,2.852,9.08,7.122,7.011,2.922,3.231,3.358,8.252,3.947
420,5.4,2.734,8.724,5.112,3.238,3.025,3.148,3.255,7.594,3.859
421,3.359,2.911,9.081,6.703,3.2,2.704,3.691,3.381,7.637,3.492
422,4.149,3.06,8.523,5.124,5.731,2.762,3.856,3.079,7.814,3.983
423,4.366,2.751,9.296,6.189,4.925,3.126,3.48,3.115,7.728,3.488
424,4.922,2.759,8.125,6.405,3.218,3.234,3.527,3.383,7.74,2.923
425,5.218,2.788,8.96,7.143,3.153,3.061,3.732,3.293,7.51,3.691
426,4.47,2.759,8.981,6.038,3.371,2.854,3.098,2.986,8.387,3.319
427,6.028,2.959,9.162,5.99,3.51,3.036,3.402,3.127,7.355,3.326
428,5.622,2.622,8.79,7.585,3.809,2.924,3.507,3.029,8.124,3.727
429,5.645,2.72,8.691,6.328,3.662,3.106,3.331,3.046,7.999,3.61
430,5.72,2.616,9.06,6.017,3.26,3.193,3.426,3.07,7.745,3.416
431,6.441,2.738,9.11,5.838,3.195,3.434,3.425,3.141,8.251,3.423
432,5.459,2.68,8.485,6.463,3.004,2.914,3.732,3.129,7.907,3.613
433,4.042,2.799,9.096,7.418,3.146,3.807,3.463,3.45,7.407,3.633
434,4.254,3.003,7.765,5.468,4.739,2.861,3.805,3.082,7.126,3.415
435,4.637,2.892,9.815,5.574,3.924,3.277,3.478,3.208,7.111,3.345
436,3.362,2.929,8.944,6.25,6.209,2.984,3.34,3.061,7.457,4.26
437,3.96,2.884,8.599,6.791,3.644,2.941,3.799,3.062,8.104,3.803
438,3.187,2.696,9.041,6.505,3.697,2.897,3.832,3.178,7.427,3.752
439,5.35,2.761,9.658,5.531,3.232,3.062,4.184,3.448,7.393,3.642
440,5.548,2.952,9.357,6.256,3.444,2.939,3.337,3.361,7.673,3.539
441,3.994,2.92,9.386,5.675,4.044,2.844,3.353,3.042,7.562,3.947
442,4.222,2.944,8.75,6.959,3.353,3.311,3.851,3.03,7.671,4.272
443,3.691,2.924,8.36,7.601,3.942,3.089,3.332,3.408,7.565,3.75
444,3.407,3.051,9.39,6.587,3.38,3.033,3.484,3.327,7.435,3.721
445,3.977,2.916,8.945,5.7,3.399,3.008,3.809,3.132,7.604,3.677
446,4.281,2.692,9.204,6.111,3.509,2.917,3.269,3.582,7.685,3.665
447,6.241,2.811,8.806,6.041,3.22,3.121,3.316,3.192,7.606,3.84
448,6.723,2.818,8.898,6.655,3.056,3.604,3.427,3.488,7.966,3.719
449,4.821,2.932,8.717,6.123,3.005,3.33,3.445,3.159,7.761,3.761
450,4.329,2.986,9.584,6.413,3.813,2.979,3.644,3.57,7.73,4.055
451,3.742,3.168,8.77,5.293,3.396,2.961,3.218,3.118,7.378,3.683
452,4.404,3.036,8.347,5.521,3.209,2.963,3.338,3.387,8.306,3.449
453,4.411,2.887,9.673,5.839,4.501,3.067,3.753,3.125,7.619,3.48
454,4.878,2.468,9.638,7.119,3.317,3.259,3.444,3.509,8.128,4.106
455,5.48,2.774,8.718,5.773,3.248,3.078,3.762,3.325,8.119,3.816
456,3.384,2.958,9.555,7.245,4.599,3.192,3.091,3.154,7.743,3.274
457,5.813,2.779,8.903,6.756,4.456,3.009,3.195,2.929,7.464,3.551
458,5.887,2.982,9.103,5.745,3.135,2.752,3.619,3.127,7.621,3.94
459,4.193,2.761,8.377,6.84,3.214,2.943,3.291,3.283,7.463,3.841
460,3.916,3.367,8.272,6.178,3.389,3.093,3.21,2.935,7.342,3.685
461,3.12,2.96,9.207,5.959,3.364,3.294,3.464,2.977,6.557,3.459
462,3.338,3.197,7.842,6.085,3.677,3.253,3.068,3.403,6.789,5.383
463,3.983,2.803,8.686,6.508,3.136,3.171,3.311,3.335,7.156,3.702
464,4.758,2.694,8.17,5.451,3.472,2.926,3.551,3.145,8.805,3.418
465,3.432,2.94,9.13,5.634,3.14,3.012,3.326,3.368,6.888,3.641
466,3.842,2.874,9.63,6.536,3.048,3.139,3.158,2.94,7.075,3.681
467,3.285,2.547,9.298,7.659,4.004,2.81,3.791,2.954,7.68,4.016
468,4.498,2.889,8.766,6.1,5.548,2.842,3.422,3.411,8.114,3.823
469,5.463,2.781,8.727,5.89,3.707,2.917,3.373,3.155,8.674,3.682
470,5.199,2.761,8.801,6.719,3.416,2.924,3.532,3.28,8.107,3.964
471,4.26,2.789,9.164,5.955,4.073,2.968,3.101,3.1,7.645,3.758
472,6.275,3.034,8.085,6.249,3.051,2.924,3.793,3.051,7.735,3.818
473,5.528,2.69,8.723,6.639,3.551,2.891,3.716,3.173,7.204,3.861
474,4.482,2.819,8.86,6.872,3.585,2.973,3.41,3.084,7.185,3.823
475,5.022,2.833,8.905,6.511,3.539,2.866,3.231,3.217,8.193,3.988
476,5.316,2.744,8.901,6.605,3.123,3.325,3.592,2.825,8.149,4.281
477,3.966,2.728,8.951,6.444,3.416,3.121,3.647,3.287,8.361,4.069
478,4.0,2.611,9.143,5.871,4.168,3.128,3.655,3.196,7.166,3.742
479,3.248,3.082,8.678,6.322,4.525,3.049,3.369,3.11,7.055,3.332
480,3.564,3.015,8.608,5.622,3.742,3.445,3.728,3.21,6.696,3.841
481,5.13,2.597,8.106,5.923,3.168,3.033,3.558,2.915,7.798,3.817
482,3.526,2.886,8.895,6.112,3.424,3.085,3.57,3.704,7.296,3.713
483,4.856,2.695,8.814,5.515,3.68,3.465,3.203,3.267,7.41,3.811
484,5.488,2.71,9.422,6.157,3.49,3.128,3.497,3.35,8.473,4.129
485,4.238,2.907,8.904,6.005,3.294,3.271,3.446,3.371,7.66,4.279
486,5.172,2.722,9.062,6.032,3.277,3.354,3.579,3.028,7.71,4.105
487,4.927,2.852,9.223,6.564,3.389,3.263,3.737,3.148,7.25,3.807
488,4.91,2.719,9.213,6.421,3.213,3.428,3.631,3.51,7.609,4.018
489,4.501,2.746,8.179,5.839,3.538,2.951,3.469,3.288,7.286,3.745
490,3.4,2.829,8.896,5.956,4.054,3.556,3.536,3.253,7.657,3.853
491,3.777,2.648,9.561,5.341,4.801,3.158,3.24,2.918,7.604,3.599
492,4.312,3.016,9.425,6.689,3.344,3.255,3.565,3.593,7.329,3.963
493,4.464,2.76,8.918,5.456,3.556,2.999,3.748,3.268,8.535,3.557
494,3.15,2.901,9.849,5.826,4.488,3.072,3.959,3.434,7.111,4.062
495,4.891,2.778,8.942,6.183,5.796,3.272,3.635,3.535,8.07,4.455
496,3.307,2.902,9.423,5.777,3.161,2.811,3.148,3.22,7.19,3.683
497,4.061,3.171,9.339,7.061,3.257,3.454,3.476,3.035,7.706,4.05
498,4.809,2.812,9.011,5.724,5.119,3.189,3.13,3.275,7.972,4.306
499,3.758,2.902,9.463,6.097,3.086,3.526,3.405,3.239,7.35,3.871
500,4.254,3.179,9.484,5.306,3.025,3.07,3.854,3.399,7.581,4.385
501,4.81,2.708,8.556,4.816,3.17,2.786,3.92,3.103,7.723,4.168
502,4.049,2.747,9.03,6.36,3.3,2.771,3.557,3.264,7.399,3.543
503,7.308,3.027,8.887,5.34,3.287,3.114,4.113,3.456,8.401,3.821
504,5.405,2.598,9.144,5.69,3.309,2.941,3.345,2.76,8.049,3.514
505,4.339,2.889,8.677,6.991,3.1,3.054,3.398,3.028,7.322,3.589
506,5.522,2.732,9.041,6.445,5.749,2.667,3.305,2.747,8.085,3.692
507,4.914,2.897,8.896,6.056,4.755,3.128,3.71,3.121,6.634,3.67
508,4.759,2.888,8.471,6.281,3.269,3.156,3.461,3.39,8.116,3.523
509,4.418,2.808,7.704,6.016,4.026,3.183,3.398,3.218,7.653,3.868
510,3.348,3.228,8.773,6.569,3.33,3.101,3.469,3.144,7.818,4.099
511,4.21,3.168,8.902,4.999,3.611,3.052,3.413,3.148,7.643,3.89
512,4.26,2.877,8.867,6.538,3.009,3.036,3.744,2.82,7.985,3.803
513,5.348,3.079,8.635,6.316,3.145,2.963,3.37,3.351,8.958,3.609
514,3.494,3.04,8.868,7.019,3.311,3.937,3.451,3.412,8.123,3.96
515,4.058,2.868,8.588,6.038,3.005,3.612,3.619,3.402,8.066,4.039
516,3.981,2.816,9.437,6.326,3.66,3.106,3.414,3.259,7.533,3.546
517,3.648,3.381,8.729,4.875,3.831,3.388,3.238,3.493,7.699,3.935
518,6.481,2.988,8.993,6.734,3.075,3.075,3.207,3.521,7.226,3.431
519,4.415,2.673,8.942,6.547,3.046,3.044,3.428,3.249,8.033,3.344
520,3.599,3.013,9.252,6.056,3.198,3.023,3.353,3.372,7.95,3.475
521,4.317,2.79,8.748,6.319,5.144,3.022,3.31,3.116,7.403,3.645
522,5.602,3.029,9.177,7.209,3.146,2.97,3.461,3.104,7.535,4.001
523,4.419,2.848,8.444,7.158,3.638,2.853,3.729,3.318,7.414,3.841
524,4.053,2.745,8.858,5.851,3.977,3.152,3.322,3.449,7.139,3.688
525,3.637,3.027,8.221,5.632,3.228,3.353,3.754,3.152,7.661,4.027
526,4.419,2.721,8.518,6.395,3.112,2.987,3.126,3.136,8.172,3.994
527,3.983,2.845,8.285,5.697,4.417,3.126,3.372,3.421,7.01,4.114
528,5.776,2.872,8.591,6.7,3.107,2.784,3.328,2.931,7.759,3.805
529,3.956,2.77,9.574,6.212,3.1,3.128,3.37,3.376,8.013,3.691
530,4.345,4.396,8.876,6.437,3.464,3.159,3.288,3.824,7.885,3.719
531,4.403,3.085,8.703,6.95,3.293,2.755,3.642,3.359,7.555,3.433
532,3.848,2.907,9.239,7.189,3.232,2.809,3.672,3.548,7.159,3.813
533,3.964,2.811,8.478,6.838,3.244,2.872,3.558,3.494,7.599,3.303
534,3.837,2.752,8.889,6.705,3.934,2.905,3.816,3.33,8.55,3.618
535,5.963,2.692,9.73,6.368,3.161,3.062,3.566,3.064,7.428,3.582
536,3.32,2.603,8.827,6.911,3.72,2.962,3.539,3.005,6.948,3.781
537,5.293,2.843,9.167,5.025,3.565,2.829,3.721,3.106,7.327,3.629
538,5.413,2.844,8.677,6.866,4.183,3.866,3.762,2.981,7.159,3.795
539,4.612,2.678,9.118,6.031,3.436,3.402,3.32,3.347,7.003,3.929
540,3.607,2.901,8.967,5.98,4.184,3.195,3.418,3.003,7.437,4.11
541,5.214,2.709,9.34,6.356,3.404,2.976,3.356,3.056,7.449,3.49
542,4.421,2.811,9.072,6.09,3.848,3.273,3.46,3.11,6.845,3.681
543,5.126,2.666,9.143,5.878,3.412,3.169,3.29,2.998,7.383,3.767
544,5.183,2.768,8.946,6.179,3.074,3.536,3.375,3.228,7.475,3.756
545,4.273,2.729,8.741,6.594,3.141,3.125,3.328,3.445,7.311,3.79
546,4.571,2.956,9.612,5.732,4.796,3.385,3.521,3.281,7.195,5.101
547,3.88,2.559,8.448,5.252,3.069,3.295,3.294,3.188,8.045,5.232
548,4.994,3.048,8.346,6.72,3.119,2.838,3.386,3.18,7.839,3.631
549,3.621,2.78,9.008,5.268,3.538,3.027,3.545,3.076,8.268,4.04
550,3.17,3.223,8.925,5.217,3.392,3.533,3.307,2.816,7.902,3.262
551,3.6,2.721,9.189,6.179,3.208,3.983,3.253,3.235,7.363,3.837
552,3.2,2.787,9.799,5.03,3.496,2.81,3.394,3.319,7.502,3.294
553,3.674,2.634,8.795,6.787,3.245,3.133,3.175,3.265,6.619,3.79
554,5.251,2.759,9.253,6.173,2.93,3.051,3.418,2.947,6.992,3.701
555,3.475,2.97,8.926,6.085,3.253,2.765,3.637,3.44,7.626,3.797
556,4.699,2.816,8.923,4.818,3.881,2.75,3.648,3.66,8.419,3.718
557,4.69,3.089,8.749,6.921,3.157,2.923,3.699,3.329,6.843,3.766
558,5.175,2.769,8.449,7.219,5.204,3.155,3.447,3.517,7.732,3.462
559,4.367,2.67,8.752,6.64,2.938,3.0,3.332,3.071,6.91,3.498
560,5.534,3.005,9.518,5.991,3.397,3.529,3.702,3.082,8.163,3.846
561,5.458,2.864,8.941,5.54,3.32,2.842,3.295,3.127,8.058,3.804
562,5.175,3.004,8.754,7.211,3.52,3.386,4.151,3.404,7.148,4.009
563,5.218,2.873,8.901,4.782,3.574,3.123,3.19,3.126,7.413,3.684
564,4.713,2.949,9.068,5.902,3.417,3.182,3.679,3.618,8.292,3.963
565,8.242,3.045,9.011,5.832,3.53,3.872,3.655,3.185,8.06,3.973
566,3.968,2.922,8.465,7.351,3.385,3.216,3.283,3.389,7.664,3.777
567,4.48,2.755,8.681,7.071,3.302,3.414,3.383,3.389,7.07,3.554
568,5.071,2.798,9.442,6.611,3.537,3.084,3.566,3.205,7.174,3.361
569,4.932,2.949,10.648,5.784,3.075,2.787,3.333,3.013,6.93,3.615
570,7.16,2.717,9.067,6.265,3.249,2.951,3.377,3.28,6.718,3.423
571,5.607,2.876,9.708,6.437,3.702,2.907,4.597,4.318,8.225,3.951
572,5.305,2.634,9.172,5.915,3.085,2.952,3.431,3.057,8.014,3.947
573,3.554,2.951,9.086,5.92,3.707,3.19,3.502,3.529,8.204,3.628
574,3.325,3.013,9.077,5.821,3.232,2.975,2.922,3.592,7.513,4.037
575,5.743,2.837,9.027,5.293,3.979,3.351,3.629,3.205,8.885,3.813
576,3.261,2.916,8.139,7.047,3.472,3.462,3.262,3.583,6.932,3.38
577,3.932,2.97,8.88,5.899,4.075,2.772,3.259,2.892,7.882,3.811
578,3.886,2.805,9.693,7.4,3.149,2.875,3.711,3.416,7.468,3.427
579,4.72,2.907,8.798,5.653,3.417,3.008,3.474,4.459,7.53,3.514
580,4.46,2.784,8.763,6.325,3.863,2.935,3.482,3.062,7.572,3.76
581,4.177,2.906,8.582,5.879,3.174,3.135,3.283,3.656,7.599,3.454
582,4.835,2.657,9.021,5.228,4.478,2.956,3.479,3.828,8.006,3.592
583,4.534,3.014,9.223,6.89,3.067,3.164,3.537,2.967,8.784,4.375
584,3.999,3.049,8.705,5.887,4.01,3.668,3.199,3.164,7.547,3.741
585,3.282,2.77,8.768,7.013,3.797,2.975,3.579,3.482,6.948,4.157
586,4.403,2.672,8.575,6.75,3.857,3.025,3.605,3.332,7.466,3.63
587,4.395,2.791,8.704,6.506,3.548,3.038,3.546,2.764,7.267,3.756
588,5.061,2.687,8.735,4.507,3.193,3.032,3.004,3.083,7.422,3.813
589,4.23,2.764,8.941,5.351,3.107,2.879,3.755,3.236,7.931,3.728
590,4.134,2.542,8.852,5.863,3.047,3.304,3.55,3.18,7.916,3.737
591,3.942,2.628,8.83,5.741,3.153,2.942,3.266,3.119,7.725,3.297
592,4.879,2.643,9.078,7.335,4.59,3.262,3.032,2.821,7.735,4.273
593,3.267,2.578,9.015,6.167,3.587,3.067,3.17,3.585,7.496,3.539
594,3.304,2.616,8.459,7.451,3.171,2.942,3.44,3.112,7.094,3.556
595,3.925,2.934,8.417,5.881,4.154,3.038,3.838,3.192,7.072,3.639
596,4.339,2.814,9.333,6.903,3.402,3.006,3.422,3.301,7.901,3.619
597,4.516,3.564,9.001,6.347,3.253,3.011,4.043,3.384,7.969,3.893
598,4.871,2.993,8.818,7.619,3.449,2.976,3.412,3.441,7.807,3.684
599,5.258,2.88,8.766,6.701,3.498,2.878,4.266,3.582,8.251,3.347
600,3.856,2.572,8.767,6.235,4.598,3.341,3.671,3.399,7.898,3.9
601,3.891,2.69,8.976,6.345,4.78,3.09,3.392,3.21,7.932,3.844
602,4.136,2.875,9.502,5.231,3.186,2.901,3.708,3.202,7.11,3.517
603,5.396,2.668,8.967,6.166,3.864,3.241,3.711,3.255,7.954,4.053
604,5.913,3.09,9.229,5.058,4.514,3.036,3.241,3.354,7.408,4.485
605,4.711,2.894,9.162,6.451,3.819,3.447,3.51,2.901,7.805,4.231
606,4.973,3.251,9.066,6.461,3.215,3.415,3.263,2.944,8.198,3.988
607,3.343,3.086,9.452,5.977,3.876,3.234,3.449,3.071,7.332,4.012
608,3.627,3.267,8.653,7.603,5.749,2.941,3.794,3.115,7.72,3.559
609,4.084,2.92,8.531,6.305,3.846,2.964,3.713,2.956,6.642,3.323
610,3.467,2.737,10.005,7.23,4.244,3.528,3.493,3.05,6.776,3.427
611,5.158,2.575,9.41,5.636,3.193,2.798,3.2,3.276,6.775,3.946
612,4.595,2.742,8.527,6.122,3.767,3.192,3.819,3.198,7.599,4.126
613,3.93,2.78,8.958,6.499,3.398,2.745,3.511,3.075,7.485,3.786
614,2.903,2.852,8.83,5.834,3.153,2.987,3.326,3.126,7.593,3.765
615,5.244,2.838,9.0,6.872,3.186,3.22,3.329,3.346,7.886,3.834
616,4.266,2.895,9.305,5.83,3.315,3.02,4.104,2.97,7.555,3.525
617,4.704,2.805,8.743,8.465,5.395,3.178,3.957,3.073,7.446,3.679
618,3.298,2.625,9.346,8.332,3.161,2.672,3.282,3.275,7.669,3.627
619,3.484,3.047,8.911,6.282,3.278,2.864,3.185,3.35,8.096,3.597
620,5.439,2.618,8.341,6.536,3.178,2.891,3.546,2.698,7.708,3.694
621,4.876,2.73,9.22,6.306,3.106,2.773,3.662,2.939,7.303,3.365
622,4.01,2.634,9.964,6.116,3.041,3.017,3.127,2.982,8.612,3.576
623,3.587,2.814,9.014,5.813,3.509,2.9,3.411,3.454,7.86,3.872
624,3.409,3.098,9.306,5.473,3.796,2.807,3.306,3.355,7.407,4.333
625,4.948,2.721,8.413,6.957,3.079,2.922,3.461,3.062,7.563,3.84
626,4.705,3.217,8.506,6.137,3.338,2.73,3.649,3.739,6.389,3.715
627,3.961,2.99,9.123,5.794,3.282,3.399,3.488,3.309,6.788,4.263
628,3.575,2.787,9.144,6.373,3.201,3.419,3.376,3.872,7.017,3.754
629,3.622,2.82,8.773,5.513,3.129,3.248,3.278,3.005,7.826,3.373
630,6.866,3.124,9.584,4.961,3.114,3.032,3.857,3.186,7.724,3.731
631,6.906,2.683,9.431,5.959,3.005,3.291,3.692,3.157,7.163,3.968
632,4.56,3.163,8.369,5.816,3.681,3.108,3.565,3.504,8.189,3.636
633,4.322,2.696,8.94,5.794,3.404,2.974,3.248,3.345,7.35,3.648
634,4.754,2.926,9.567,6.089,3.602,3.275,3.633,3.173,7.425,3.293
635,5.25,2.651,8.569,5.458,3.992,3.28,3.258,3.114,7.549,3.092
636,4.435,2.736,9.278,5.903,3.107,2.8,3.476,3.468,7.812,3.692
637,3.727,2.848,9.335,6.016,3.227,3.291,3.45,3.207,7.288,3.279
638,3.616,2.627,8.881,6.98,3.242,2.975,3.462,3.235,7.605,3.446
639,5.943,2.776,8.971,5.607,3.25,3.059,4.051,3.445,7.857,3.756
640,3.711,2.852,8.698,6.128,3.071,3.771,3.588,3.231,8.16,3.142
641,3.843,2.527,8.988,5.615,3.348,2.836,3.644,3.406,7.192,3.411
642,3.462,2.804,9.332,6.209,3.223,3.098,3.329,3.395,7.601,3.695
643,4.067,2.607,8.494,5.093,3.013,2.759,3.38,3.1,8.012,3.467
644,4.18,2.74,9.015,6.615,3.212,3.148,3.333,3.078,8.345,4.148
645,3.632,3.095,9.31,7.133,4.705,3.312,3.317,3.252,7.569,3.914
646,4.862,2.679,9.021,5.094,3.023,3.352,3.816,3.208,7.13,4.093
647,4.385,2.589,9.397,7.221,3.946,2.649,3.257,3.707,7.38,3.802
648,4.486,2.871,8.761,6.041,3.252,3.345,3.016,2.981,7.454,3.436
649,4.777,2.661,8.769,6.63,3.056,3.294,3.524,3.374,7.243,4.051
650,3.655,3.171,9.139,6.068,3.053,3.041,3.393,3.455,7.628,4.295
651,4.848,2.807,9.272,5.279,3.481,2.831,3.437,3.365,7.815,3.377
652,3.572,2.651,8.685,6.259,3.816,3.052,3.445,3.182,6.729,3.556
653,4.438,3.143,8.669,5.745,4.696,3.191,3.158,3.38,7.597,3.429
654,3.404,2.742,9.07,5.856,3.466,2.982,3.259,3.219,7.397,3.594
655,3.764,2.607,8.742,6.09,3.151,3.153,3.619,3.405,7.578,3.678
656,5.117,3.023,9.363,6.96,3.153,3.053,3.304,2.957,8.4,3.401
657,4.669,2.914,8.788,6.314,3.44,3.334,3.279,3.191,7.684,3.48
658,3.572,3.126,8.968,5.849,3.158,3.276,3.445,3.004,7.527,3.708
659,3.656,2.695,9.337,6.868,3.24,3.582,3.579,3.459,6.522,3.74
660,4.461,2.65,9.131,6.556,3.134,3.145,3.279,3.439,7.424,4.001
661,5.259,2.853,8.912,6.41,3.845,3.158,3.192,3.399,7.406,3.788
662,5.186,2.891,8.729,5.012,3.576,3.333,3.277,3.563,7.695,3.438
663,3.71,2.728,8.28,6.512,3.845,3.257,4.063,3.166,6.929,3.738
664,4.307,2.945,8.928,6.234,3.984,3.015,3.048,3.461,8.467,3.763
665,4.797,2.86,9.393,6.531,4.15,3.372,3.201,3.625,8.12,3.868
666,4.686,2.785,8.98,6.924,5.587,3.225,3.408,3.101,8.516,3.856
667,4.714,2.397,9.091,5.913,4.394,2.88,3.191,3.12,7.682,3.586
668,5.209,2.622,9.102,5.787,4.653,3.367,3.175,3.174,6.896,4.186
669,5.686,2.773,8.485,6.157,6.303,3.071,3.314,3.228,7.203,4.0
670,4.373,3.02,8.582,5.468,5.229,3.118,3.618,3.388,6.858,3.638
671,5.396,2.905,8.78,5.544,5.106,3.064,3.704,3.312,8.56,3.559
672,5.261,2.918,8.696,5.568,4.111,2.903,3.358,3.03,8.258,3.827
673,3.202,2.621,8.473,5.893,3.274,3.282,3.74,3.572,7.734,3.998
674,5.192,3.047,9.115,6.129,3.554,3.091,4.007,3.839,7.856,3.687
675,3.99,2.964,8.691,7.764,3.147,3.055,3.505,3.463,7.361,3.619
676,3.175,3.328,9.243,7.081,6.085,3.032,4.142,3.422,7.72,3.798
677,4.821,2.673,8.586,6.033,3.115,3.185,3.695,3.091,8.092,4.16
678,5.263,2.613,8.837,5.626,3.552,3.279,3.228,3.036,7.516,3.583
679,3.729,3.098,8.803,5.2,4.028,3.152,3.414,3.253,8.098,3.838
680,4.731,2.863,9.105,5.548,3.137,3.248,3.319,3.099,8.674,4.04
681,4.112,3.931,8.449,6.86,3.321,3.158,3.239,3.016,7.572,3.849
682,5.458,2.612,8.622,5.118,3.209,2.779,4.026,3.153,8.146,3.687
683,4.458,2.636,8.558,5.389,3.796,2.893,3.829,3.239,8.298,3.766
684,3.701,2.919,8.634,6.127,3.125,3.585,3.656,3.203,8.293,3.862
685,3.559,2.658,8.577,5.688,3.598,3.183,3.36,3.073,7.834,3.661
686,4.23,3.135,9.33,6.755,3.084,2.963,3.383,3.126,7.636,3.681
687,6.02,2.721,9.368,5.69,3.257,3.043,3.713,3.276,6.708,4.06
688,3.494,2.793,9.572,6.269,4.346,3.052,3.264,3.072,7.857,3.875
689,3.605,2.916,9.196,5.654,3.628,3.247,3.422,4.164,7.36,3.527
690,4.975,3.067,8.235,5.498,3.136,3.064,3.271,3.162,7.137,3.573
691,5.676,2.665,8.857,5.814,3.054,3.126,3.458,3.212,7.315,3.453
692,6.691,3.248,8.067,7.878,4.943,3.697,4.221,3.816,8.784,4.348
693,3.741,2.685,9.323,5.986,4.312,3.358,3.776,3.64,8.318,4.07
694,3.839,2.839,8.981,5.25,3.68,3.312,3.431,2.994,8.378,3.956
695,3.837,2.923,8.939,5.998,3.436,3.0,3.438,2.935,8.909,4.023
696,4.305,2.596,9.335,6.62,4.234,3.137,3.345,3.265,7.237,3.108
697,4.557,3.047,8.698,5.316,4.225,3.248,4.072,3.109,7.372,3.864
698,3.866,2.753,8.619,6.338,3.096,3.054,3.298,3.148,7.448,3.881
699,3.486,2.818,8.972,6.582,3.257,4.061,3.795,3.286,7.596,3.725
700,5.937,2.802,9.467,5.448,3.894,3.336,3.431,3.132,7.832,4.072
701,5.713,2.762,8.441,5.282,3.745,2.811,3.471,3.1,7.347,3.635
702,4.678,2.64,9.05,6.558,3.758,3.352,3.505,3.332,7.745,3.734
703,3.689,2.737,9.244,5.088,3.133,2.977,3.661,3.283,7.383,3.37
704,3.345,3.066,8.548,5.759,3.49,2.888,3.759,3.234,8.137,3.497
705,5.079,2.89,8.234,6.036,3.022,2.898,3.184,2.921,7.228,3.915
706,4.958,2.566,8.941,5.838,3.163,2.752,3.096,2.996,7.098,3.914
707,3.372,2.815,9.96,6.057,3.958,3.176,4.293,3.517,7.166,3.724
708,4.252,3.37,8.791,5.846,3.891,2.951,3.06,3.128,7.095,3.598
709,5.965,3.445,9.019,6.04,3.645,2.801,3.45,3.316,7.24,3.929
710,5.272,2.892,9.164,6.566,3.812,2.789,3.926,3.018,8.096,3.911
711,5.129,3.396,8.752,5.098,3.127,2.996,3.518,3.413,8.044,3.814
712,5.014,2.867,9.343,7.029,3.99,2.901,3.53,3.343,7.819,3.731
713,5.162,2.69,8.819,5.655,4.058,2.955,3.372,3.452,8.051,3.963
714,5.108,3.174,8.837,6.971,3.867,2.917,3.437,3.11,7.584,3.688
715,4.973,3.041,8.14,6.975,3.774,2.968,3.667,3.618,7.695,3.551
716,4.911,2.876,8.561,6.689,3.124,3.043,3.596,3.131,7.211,3.609
717,4.981,2.753,8.548,5.225,5.258,2.93,3.781,3.282,7.934,3.535
718,5.736,2.816,9.606,5.827,3.357,3.0,3.385,3.202,7.365,3.648
719,4.398,2.977,8.779,6.56,3.102,3.295,3.515,3.299,7.702,4.411
720,4.121,2.567,8.804,6.27,3.144,3.92,3.382,3.412,7.379,3.687
721,4.526,3.891,8.737,6.912,3.024,2.831,3.388,3.456,7.985,3.902
722,3.917,2.992,9.951,5.911,3.329,3.402,3.667,3.154,7.657,4.04
723,4.361,2.831,9.08,6.049,3.762,2.957,4.39,3.051,7.208,3.623
724,5.247,2.997,8.427,6.423,3.101,3.229,3.231,3.342,7.375,3.551
725,4.975,2.728,8.671,5.247,3.647,3.32,3.385,3.171,7.075,3.529
726,4.315,2.541,9.082,6.231,3.044,3.353,3.135,3.042,8.17,3.382
727,5.298,2.619,8.596,6.959,5.278,3.42,3.46,3.125,7.661,3.678
728,4.007,2.7,9.228,4.966,4.155,3.167,3.831,3.118,7.469,3.637
729,3.562,3.107,8.361,6.097,3.271,3.076,3.699,3.168,7.102,3.498
730,6.52,2.995,9.078,5.006,3.438,3.048,3.17,3.227,8.133,4.03
731,4.747,2.965,8.702,6.087,3.569,2.794,4.134,2.943,7.187,3.707
732,3.713,2.899,8.844,6.183,3.013,2.871,3.395,3.034,6.959,3.653
733,3.455,2.865,9.554,5.794,3.763,3.162,3.707,3.366,7.029,3.651
734,3.974,2.59,9.43,5.312,3.356,3.149,3.335,3.804,6.737,3.509
735,4.458,3.041,8.81,5.726,3.134,3.294,3.735,3.312,8.312,3.745
736,5.522,3.119,9.22,5.777,3.599,3.046,3.542,3.072,7.356,3.56
737,4.445,2.852,9.258,6.34,3.533,3.305,3.383,2.9,7.85,3.643
738,3.278,2.892,9.444,6.187,3.126,3.398,3.416,3.151,7.283,3.711
739,3.255,2.651,8.973,6.585,6.402,2.938,3.394,3.1,7.645,3.905
740,4.634,2.899,8.883,5.408,4.694,2.978,3.345,3.296,9.315,4.113
741,4.395,2.773,9.352,7.482,3.096,2.93,3.453,3.775,7.096,3.606
742,5.509,2.644,9.397,5.628,3.167,3.291,3.273,3.136,7.316,3.777
743,5.725,2.952,9.122,6.443,3.583,2.973,3.231,3.223,8.847,3.722
744,5.548,2.747,9.046,5.242,3.46,3.109,3.157,3.53,7.506,4.064
745,4.123,2.965,9.022,6.791,3.882,3.006,3.294,3.051,7.936,3.767
746,3.482,2.805,8.489,6.691,4.178,3.041,3.374,3.251,6.92,3.719
747,4.882,2.779,8.657,6.612,4.143,2.935,3.267,3.201,7.538,3.778
748,3.582,2.615,8.378,6.86,3.356,2.952,3.43,3.889,7.828,3.993
749,3.67,2.696,8.334,5.84,3.232,2.993,3.613,2.782,7.284,3.395
750,3.127,2.731,9.12,6.557,3.224,2.815,2.962,2.99,7.038,3.714
751,3.208,3.267,8.933,4.763,3.227,2.808,3.83,3.751,6.666,3.821
752,4.386,2.961,8.578,6.478,5.645,3.044,3.78,3.232,7.406,3.996
753,4.337,2.785,9.315,6.481,5.616,3.549,3.663,3.269,7.706,3.84
754,4.618,2.783,9.519,5.253,4.241,3.486,2.971,3.05,8.01,3.982
755,5.139,3.098,9.042,5.594,3.103,2.863,3.381,3.281,7.735,3.655
756,4.771,2.914,8.733,7.049,4.227,3.11,5.858,3.437,7.678,3.938
757,3.866,2.82,8.573,6.782,3.507,2.998,3.233,3.855,7.526,3.33
