name,7893107,7893526,7893543,7893569,7894089,7894095,7894169,7894284,7894637,7894965,7895018,7895094,7895240,7895609,7895704,7895985,7896470,7897520,7899813,7907964,7908779,7910587,7925444,7928046,7939559,7940580,7943577,7944769,7945069,7948364,7950117,7953901,7953914,7955117,7960177,7960819,7961532,7965108,7966343,7967658,7970905,7971615,7978776,7984405,8000897,8014650,8017840,8018093,8018095,8023382,8040774,8041519,8044605,8054758,8054771,8058570,8059674,8065550,8075785,8085253,8090030,8092455,8097435,8097468,8097827,8099029,8099449,8102751,8103362,8103802,8105605,8105647,8105741,8112302,8112801,8115895,8117435,8121041,8122840,8124455,8128716,8128886,8129454,8129985,8140463,8144949,8145889,8146637,8149500,8151747,8154047,8154215,8154223,8163712,8168115,8168886,8178802,8178811,8180214,8180282
GSM1037296,3.27081,6.29636,11.0876,3.88065,9.07261,7.16129,5.97489,10.4409,8.4636,6.74043,7.48677,8.2984,6.97056,5.32322,11.7766,10.3961,4.94874,7.80982,10.2146,7.91512,9.65587,3.19165,8.72846,6.50206,7.94101,7.38449,6.73564,7.60242,6.75943,12.1191,3.6496,10.5711,7.96062,3.43071,7.15288,4.76439,11.7225,2.99367,8.67584,8.68952,5.99919,7.48237,8.93258,6.07412,7.28245,9.47801,7.03842,5.11024,4.4668,9.60949,6.45527,6.73915,4.49595,8.38029,8.81202,6.56286,6.37214,6.20107,5.83673,4.22117,7.41937,5.6107,7.84532,7.00211,7.30716,7.27559,11.0019,8.85687,3.1708,3.22791,2.27598,6.92866,6.55221,7.12288,4.22886,8.36908,9.53176,3.255,5.2007,5.39002,11.2193,7.60314,5.97949,8.14426,11.1856,5.36718,7.18638,9.77288,3.99321,7.43346,3.6911,6.04761,6.16912,3.12952,6.89926,5.42731,12.0939,12.1644,5.84077,7.31473
GSM1037297,2.70668,5.49734,10.7325,2.89858,9.0103,6.80941,6.39396,10.7604,8.02336,6.97154,8.2419,8.64344,7.12102,5.7163,11.7265,10.7514,3.43189,7.62264,10.282,8.08049,9.45252,3.32909,8.71593,6.41,8.23372,7.35824,6.59894,7.53476,6.65697,12.1349,3.40906,9.58072,7.44626,3.47524,6.84836,4.71502,11.8311,2.81603,8.4135,8.73626,6.13305,7.34801,8.77835,5.97803,7.07982,9.58042,7.25377,5.30995,4.37476,9.47585,6.51114,6.69021,4.91087,8.02722,8.74815,6.53516,6.29286,6.15366,5.93772,3.90991,7.48081,5.49844,7.50687,6.49481,7.19696,6.9419,10.8383,8.53695,3.28525,3.14536,2.51879,6.86582,6.69154,7.03575,4.67376,8.30726,9.59596,2.76962,5.12513,5.16105,11.2488,7.39401,6.0101,8.11957,11.0169,4.88683,6.9815,9.78677,4.16258,7.34844,3.63519,6.29744,6.29382,2.434,6.43828,5.59528,12.0252,12.1965,5.103,7.11119
GSM1037298,3.05276,6.58236,10.8271,3.33602,9.28394,7.21462,6.73186,10.8283,8.50749,7.26604,7.64142,8.47767,7.03332,5.75459,11.6473,10.8388,5.17449,7.56258,10.0163,8.41258,9.5153,3.33277,8.8959,6.46599,8.23294,7.58518,6.62025,7.65638,7.07476,12.3428,3.70786,9.28711,7.31009,3.5408,6.66657,4.71334,11.6154,2.97911,8.77624,9.02499,6.20373,7.57241,8.98423,5.98051,6.94256,9.51219,6.95711,5.17326,4.78652,9.79686,6.3497,6.84814,5.8333,7.5556,8.83702,6.88461,6.12103,6.49143,5.74819,3.79854,7.719,5.21346,7.93031,6.60734,7.24081,7.00731,10.9925,9.01148,3.17067,3.19755,2.54797,6.90327,6.83753,6.88586,4.65417,8.27463,9.29252,3.16932,5.46764,4.85691,11.1888,7.62794,5.82792,8.40844,11.061,5.12305,7.2255,9.90444,4.428,7.35939,3.36491,6.69556,6.72395,2.6675,6.6529,5.65206,11.4784,11.441,5.55251,7.04199
GSM1037299,4.06415,6.20839,10.7144,3.40275,8.96513,6.757,5.92767,10.5097,7.86061,6.77955,8.35076,8.56731,7.1747,5.01478,11.6102,10.7897,3.91803,7.45177,10.2231,8.091,9.80019,3.09327,8.6126,6.56172,8.15759,7.52178,6.40237,7.41648,6.82202,12.1472,3.64114,10.1206,8.30208,3.40807,6.71199,5.23369,11.7565,2.89705,8.85446,9.00834,5.84822,7.57506,8.94161,5.86101,7.30048,9.46937,7.35574,5.13582,5.11661,9.77361,6.5871,6.82108,6.43663,9.02123,8.82896,6.55504,6.19119,6.39469,5.83346,4.12215,7.38842,5.5929,7.12129,6.36935,7.20942,7.04945,10.8577,8.43875,3.22128,3.44935,2.3665,6.96292,6.69122,6.73137,4.41281,8.39208,7.42872,2.88772,5.29976,5.13446,11.3598,7.74565,6.13427,8.22667,10.888,5.20094,7.0413,9.89141,4.52971,7.63359,3.5697,6.56189,6.51487,2.19485,6.85107,5.15052,11.7745,11.8101,5.33672,7.20546
GSM1037300,3.68179,6.45172,10.7259,3.70835,8.91285,7.21777,5.71687,10.8269,8.39964,7.06498,7.54458,8.42282,6.91184,4.5675,11.5694,10.5229,4.51742,7.55494,10.0171,8.17115,9.49464,3.4828,8.64915,7.70421,8.91269,7.42842,6.08044,7.60047,6.62374,12.0805,3.66984,9.20304,7.36885,3.27249,6.57183,4.47777,11.6061,2.99908,8.44998,8.95751,5.95862,7.65021,8.61244,6.09215,7.48448,9.38183,7.4307,4.9944,4.50302,9.45077,6.72736,6.6352,5.89735,8.68275,8.60041,6.67887,6.88434,6.77993,5.51677,4.1338,7.45066,5.97008,7.68584,6.59725,6.99302,6.89442,10.8022,8.6511,3.38053,3.34416,2.13025,6.85964,7.06146,6.93437,4.6763,8.34019,8.89432,2.81334,5.3435,5.06167,11.1754,7.64827,5.96685,8.20068,10.6469,5.29508,6.84654,9.56588,3.84007,7.43751,3.55664,6.72436,6.65756,2.44822,6.90136,5.14346,11.5797,11.6907,4.94236,6.93663
GSM1037301,3.43656,5.98378,10.7825,5.00716,9.2915,6.54424,6.14813,10.6527,7.89003,7.39974,7.78164,9.05767,7.5878,6.00557,11.7088,10.9404,4.49813,7.76383,10.2369,8.11044,9.50211,3.23624,8.70956,6.50902,7.95311,7.64906,6.19802,7.5882,6.89908,12.2173,4.03065,9.30809,7.82789,3.64616,6.53506,4.86978,11.8774,3.00353,8.85547,8.8753,6.27916,7.53324,8.67579,6.14043,7.05147,9.38259,7.18281,5.28601,4.854,9.68247,6.28289,6.72806,5.56487,7.76654,8.58104,6.42801,6.15833,6.38012,5.95373,3.91332,7.58427,5.43194,7.33326,6.6146,7.27479,7.07274,11.1746,8.55193,3.25496,3.27394,2.79272,6.83515,6.83509,6.81636,4.58482,8.29524,8.99601,2.86221,5.52313,5.31473,11.1388,7.84596,5.81694,8.34837,10.8895,5.41207,7.26122,9.594,4.43145,6.81082,3.44177,6.26969,6.39474,3.04125,7.01865,5.93914,12.1532,12.2715,6.11215,6.89719
GSM1037302,2.6596,5.33781,11.0409,4.26775,9.09655,6.94326,5.81032,10.5196,7.6985,7.51344,8.22289,8.71749,7.44219,5.15892,11.7714,10.644,4.23445,7.50736,10.3466,8.01943,9.5871,3.30822,8.51895,6.64172,8.55861,7.13854,6.41465,7.6812,6.76405,12.274,4.76951,9.36164,7.59768,3.82969,6.59375,4.31995,11.8042,2.96275,8.3181,9.13383,6.12066,7.10633,8.63837,5.97074,7.127,9.45386,7.5458,5.14042,4.72907,9.80341,6.58533,6.74527,4.82167,9.29123,8.39814,6.52893,6.13788,6.64087,6.00607,4.09282,7.44343,5.6277,7.41134,6.02903,7.32794,7.2743,11.0126,8.65639,3.41784,3.39701,2.4119,6.76286,7.03877,6.65311,4.59792,8.42283,8.72969,2.72994,4.92953,4.74512,11.2274,7.36552,6.10823,8.0185,10.7938,4.78377,7.23827,9.67819,4.2388,7.18561,3.47693,6.31734,6.51659,2.64877,6.58092,5.52147,11.3207,11.3442,6.00252,6.8704
GSM1037303,2.46008,6.76261,11.0968,3.69933,8.94419,7.16369,6.16683,10.9369,7.9039,6.78646,8.06261,8.58028,7.05541,5.2982,11.8208,10.6994,4.62953,7.81968,10.369,7.90487,9.66764,3.17993,8.46083,6.74776,8.18786,7.41105,6.89134,7.42326,6.86107,12.4137,3.8687,9.98252,7.93511,3.4325,7.03957,4.22573,11.6744,2.68899,8.32851,8.76237,6.23737,7.40484,8.90573,6.07086,6.85527,9.43145,7.31905,4.92128,4.43451,9.70845,6.51267,6.89408,5.8364,7.53501,8.69421,6.66837,6.23555,6.47627,5.93831,3.96867,7.55965,5.43362,7.4433,6.1638,7.26319,7.03291,11.1215,8.46099,3.36237,3.17582,2.48441,6.90615,6.80211,7.02979,4.71323,8.34969,9.10708,3.08991,5.07842,5.25171,11.3383,7.1958,5.79008,8.60021,11.0451,5.051,7.23069,9.81946,3.86219,7.23146,3.67501,6.59309,6.37978,2.5982,6.75107,4.70669,12.272,12.4134,6.01334,6.91758
GSM1037304,3.1386,4.99039,11.089,2.75602,8.41272,6.77124,5.34151,10.175,6.94306,7.44768,6.94509,8.38834,7.82901,5.13087,11.9306,10.4758,4.77253,7.49378,10.1306,7.40571,9.93791,3.22657,8.44574,5.90247,7.76365,7.72967,6.72212,7.88455,6.91674,12.071,3.76915,9.50675,7.75067,3.58358,6.85469,4.87062,11.8065,3.1455,7.90104,8.64256,5.69623,7.4224,8.92201,5.73804,6.61599,9.62215,6.94642,5.42907,4.82926,9.58238,6.6702,6.57736,6.24255,8.0612,8.53292,6.55157,6.06442,7.06381,6.05563,4.11524,7.48288,5.54449,7.09729,5.67775,7.30172,7.05683,11.0534,8.39274,3.16375,3.40698,2.31425,6.30339,6.6013,6.45152,4.35785,7.90086,8.58551,2.65817,5.47556,4.88598,11.2524,7.52368,5.83371,8.35409,11.0448,5.54178,7.23658,9.63021,3.78657,7.12767,3.47715,5.62513,6.27597,3.21888,6.48737,5.48777,11.8225,11.9962,6.07315,7.48109
GSM1037305,3.52886,5.4478,11.1408,4.37265,8.97578,7.36603,6.18726,10.8986,8.17285,6.95173,8.08331,8.26346,7.15093,5.54458,11.717,10.6902,4.52289,7.15186,10.2448,8.01101,9.55601,3.43004,8.50292,6.14781,8.03997,7.46369,6.32014,7.61169,6.69039,12.3252,3.71179,9.77442,7.67788,3.40303,6.6521,4.58698,11.7,2.59641,8.4348,8.93388,6.05552,7.59114,8.58593,6.18544,6.77847,9.5873,7.75765,4.94742,4.84618,9.5616,6.54062,6.61954,5.28525,6.93643,8.66339,6.32447,6.18487,6.44763,5.97,4.24308,7.32207,5.6024,7.31935,5.92511,7.20059,7.2638,11.1104,8.51258,3.02562,3.11955,2.5388,6.72219,6.74758,6.97099,4.62147,8.52486,9.09709,3.05953,5.22461,4.8651,11.3862,7.61843,6.04335,8.12291,11.03,5.10877,7.17865,9.82257,4.20723,7.41599,3.6724,6.57547,6.38762,2.64502,6.90287,5.34644,12.3869,12.3989,5.59772,6.9613
GSM1037306,2.72083,6.31819,11.1543,4.02161,9.20615,7.25353,6.1239,10.6966,8.20848,7.40716,7.87224,8.91442,7.27993,5.37765,11.7681,10.6047,5.18963,7.26687,10.1908,8.38619,9.61352,3.27053,8.84502,6.94347,8.52962,7.2022,6.61657,7.65746,6.81568,12.0129,4.05734,10.0734,8.18694,3.31527,6.64065,4.29416,11.7899,2.65574,8.36597,9.35552,6.06361,7.24801,8.78291,6.14475,6.98783,9.45716,7.64426,5.17126,4.89501,9.63525,6.41788,6.61532,6.07809,7.11217,8.65204,6.56565,6.17988,6.37509,5.64752,4.24389,7.68761,5.25911,7.14913,6.07955,7.38334,7.0897,11.0139,8.90602,3.30062,3.03757,2.66556,6.53124,6.72659,6.69966,4.68138,8.30713,9.47483,2.62797,5.31115,4.71607,11.2565,7.7256,6.03817,8.00803,10.9111,5.24666,7.14114,9.75387,3.93788,7.26561,3.55691,7.05753,6.97898,2.70233,6.60719,5.13908,12.3336,12.4011,5.73558,7.08791
GSM1037307,3.1607,6.325,10.9831,3.41873,8.97487,6.24588,5.93842,10.4398,7.82559,6.88268,8.02005,8.22399,7.13445,5.34954,11.8496,10.6091,4.35437,6.93147,10.1363,8.48401,9.68872,3.19225,8.86867,6.67292,8.51363,7.29281,6.87672,8.17379,6.78196,12.2612,3.99473,9.46148,7.28294,3.41396,6.98122,5.07888,11.7581,3.21536,8.27854,9.25711,6.26587,7.35404,8.96844,6.00243,7.37584,9.33016,7.22276,4.9375,4.69736,9.73535,6.46072,6.48656,6.85599,9.00836,8.54261,6.5423,6.03218,7.06587,5.79883,4.08654,7.28751,5.47848,7.36176,6.06694,7.19981,7.0672,10.8992,8.78444,3.15634,3.0358,2.33503,6.40216,6.82915,6.77971,4.3385,8.4158,8.79097,2.40767,5.37326,4.86706,11.1526,7.55532,5.83703,8.42167,11.2919,5.50369,7.16093,9.84531,4.6993,7.26651,3.84473,7.19387,7.07944,2.10723,6.3473,4.74152,12.1633,12.0745,5.71275,6.52657
GSM1037308,3.75302,6.41546,11.0178,3.16185,9.28207,7.74555,6.59164,10.6173,8.10181,7.34945,7.91269,8.30808,7.43366,5.70096,11.7207,10.4047,5.36631,7.42062,10.128,8.41659,9.93593,3.18718,8.97901,6.40232,8.49872,7.83539,7.29909,7.80292,7.02161,12.1906,4.25901,10.3099,8.12818,3.49398,7.02626,4.95997,11.7501,2.94108,8.50351,9.04422,6.28858,7.4998,9.13414,6.13245,6.97217,9.44482,7.58435,5.452,5.14076,9.8052,6.45163,6.92506,6.43848,8.85855,8.68999,6.64231,6.41568,6.79696,6.18927,4.22441,7.55663,5.14908,7.52949,6.25058,7.3262,7.04735,10.7838,8.97422,3.60913,3.05806,2.58892,6.74318,6.76582,6.74941,4.57888,8.18049,9.52912,2.93869,5.44762,5.02143,11.198,7.64605,6.15277,8.14962,11.1899,4.96175,7.37716,9.66264,4.1079,7.34248,3.69407,6.89568,6.87625,2.67409,7.09561,5.56744,12.625,12.4307,5.93659,6.81227
GSM1037309,2.8544,5.0225,11.1677,4.43074,9.04117,6.81121,5.21997,10.5344,8.49771,6.67721,9.02636,8.7709,6.96058,4.96348,11.7168,10.1933,2.16199,7.00703,10.0685,7.70526,9.24756,2.89165,8.307,6.78132,8.44175,7.34121,6.051,7.53407,6.43933,12.0498,3.88088,8.59226,6.31837,3.50357,6.54117,4.9014,11.7666,2.98007,8.40741,8.45678,6.21809,7.56262,8.79263,5.91114,6.99724,9.45301,7.75482,5.11123,4.51622,9.62467,6.49816,6.40737,6.0161,7.8068,8.59242,6.23425,6.56648,6.07514,5.76744,3.73542,7.38509,5.39414,7.36137,6.00948,7.19093,7.07249,10.7333,8.31631,3.22796,3.45771,2.45996,6.61368,6.86421,6.83319,4.50764,8.6317,9.29807,2.97334,5.28523,4.91652,11.228,7.67782,6.01403,8.04508,10.4507,5.39104,6.90122,9.53149,4.0954,7.33121,3.96355,6.21707,5.97731,2.73311,6.75087,5.21997,11.9065,12.1143,5.41802,7.1614
GSM1037310,3.22207,6.85134,11.032,3.44693,9.13457,7.03242,6.00945,10.6152,8.2535,6.8333,7.32142,8.70805,7.38033,5.21517,11.6532,10.9048,5.27672,7.704,10.1065,8.80025,9.2786,3.33744,9.28875,6.07102,7.78706,7.4482,6.56456,7.42185,7.05596,11.9213,3.57216,9.62307,7.56352,3.73783,6.65749,4.20004,11.8418,2.87651,8.51096,9.48648,5.93623,7.37161,8.41833,5.89887,6.99545,9.48961,7.22974,5.31936,4.90273,9.70028,6.36802,6.5985,5.26036,7.00753,8.53031,6.74395,5.97359,6.46966,5.82573,4.03523,7.22425,4.95214,7.77623,6.91846,7.34319,7.04782,11.4194,8.56167,3.61325,3.11252,2.25279,6.69771,6.54715,7.07258,4.73674,8.17008,9.59281,3.02671,5.00034,5.24252,11.4355,7.66576,5.93183,8.18063,10.6688,5.2713,6.90972,9.97602,4.06239,7.2599,3.63698,7.15535,7.21843,2.78962,6.6903,5.48304,11.9591,11.9234,5.78359,7.08211
GSM1037311,2.94579,5.76827,10.7013,3.05181,9.11173,7.24228,5.81846,10.7985,8.29914,7.05916,7.85892,8.52355,7.41878,5.59957,11.6873,10.7089,5.53508,7.5236,10.2464,8.49922,9.59938,3.24481,9.06422,6.78127,8.54736,7.29885,6.51826,7.58653,6.78861,12.0454,3.61992,9.30995,7.36219,3.29421,6.62846,4.61539,11.8121,3.03627,8.55376,8.96077,5.93385,7.60813,8.76435,5.87413,6.89838,9.51951,7.29837,5.0394,5.43781,9.60476,6.51415,6.59095,5.9004,8.47288,8.70425,6.43482,6.30025,6.51241,5.88979,4.07461,7.34324,5.46126,7.4071,6.24788,7.10491,6.86389,10.813,8.68501,3.0522,3.1835,2.56666,6.90425,6.90056,6.86254,4.54816,8.4301,9.47438,2.88201,5.42361,5.04438,11.1678,7.74712,5.96162,8.65511,10.8134,5.16159,7.16587,9.76463,4.1607,7.57943,3.60676,7.07412,6.62773,2.83667,6.73586,5.78094,12.3495,12.3425,5.43191,7.00327
GSM1037312,3.8029,5.96283,10.5648,4.17853,9.15268,5.57112,5.82298,10.3819,7.47536,6.13497,7.54144,8.28721,6.26365,5.23254,11.4481,10.6116,3.10359,8.01841,9.80129,7.6253,9.36207,3.1423,8.18122,6.92901,8.80025,7.00805,6.25299,7.126,7.09086,11.5139,3.1173,8.448,6.75637,3.41155,6.59595,4.73677,11.7825,3.10152,7.58971,8.43541,5.45393,7.58361,8.36819,5.82179,7.06921,9.10617,7.03824,5.17649,4.23334,9.36914,6.81327,6.33063,6.13975,9.05815,8.39672,6.52887,6.3868,6.52152,5.96872,4.49225,7.0623,5.55331,6.37185,6.35176,7.05556,6.96999,10.6303,8.69669,3.42424,3.3298,2.67695,6.56064,7.272,6.4705,4.12912,8.62272,8.60028,2.6347,5.34048,5.09686,10.9342,6.21489,6.44633,7.7599,10.097,5.1294,7.19574,9.42708,4.17863,7.5553,3.55253,5.97317,6.10638,2.34254,6.89562,5.19047,10.9073,10.9434,4.93188,7.14999
GSM1037313,3.02354,6.31858,10.8954,4.21093,8.77717,6.90742,6.8044,10.6308,7.3392,7.13095,7.90403,8.34409,6.8911,5.24691,11.63,10.6718,4.8644,7.52237,9.95922,8.54315,9.72239,3.24038,9.09164,6.35863,8.19508,7.44472,6.88133,7.60073,6.98846,11.8987,3.66931,9.88629,7.73981,3.67924,7.06813,4.18118,11.4118,2.92118,8.05997,9.10785,5.93842,7.45651,8.70873,6.10073,7.17395,9.48073,7.47041,5.05399,4.27408,9.50259,6.537,6.39059,5.61055,7.84976,8.49475,6.83848,6.41062,5.99492,6.17737,4.09215,7.32959,5.8452,7.50438,6.70675,7.22396,6.98948,10.7272,8.86652,3.29348,3.4571,2.58892,6.89955,6.71699,6.81433,4.4621,8.51885,9.57481,3.11159,5.38445,5.18965,10.9937,7.73141,6.13609,8.56037,11.0658,5.37045,7.21799,9.57885,4.39927,7.38073,3.6901,6.7898,6.7413,3.08015,6.84606,4.60049,12.3985,12.4738,5.45708,6.91929
GSM1037314,3.35771,6.31194,10.9105,3.35333,9.00957,6.78948,6.1991,10.7498,7.8888,7.22626,7.369,8.56246,6.81981,5.22066,11.7023,10.9303,4.72914,7.64713,10.1852,8.593,9.73714,3.40411,9.15232,6.26467,8.29654,7.29056,6.87894,7.68649,6.78113,12.307,3.77545,10.1292,7.98643,3.77149,6.93447,4.43244,11.8161,3.06191,8.78028,9.38229,5.88886,7.30085,9.10375,6.00327,6.95567,9.50397,7.14501,5.26599,4.87827,9.65038,6.46546,6.74418,6.06015,7.84599,8.85182,6.82711,6.35321,6.75977,5.74008,4.13774,7.5531,5.67253,8.01756,6.85934,7.21398,7.07073,11.1576,8.95354,3.30006,3.1889,2.48698,6.895,6.91542,6.89503,4.29909,8.25619,8.83907,3.03145,5.43799,4.89514,11.3637,7.64913,5.90779,8.49317,11.2392,5.34011,7.04258,9.94334,4.06386,7.04863,3.68374,7.20055,6.8853,2.98455,6.93865,5.46603,12.1706,12.2369,5.78262,6.91668
GSM1037315,3.10962,5.62744,10.6968,3.32112,8.47277,5.37499,5.63577,9.83264,7.37546,6.52368,7.98163,8.59527,6.65462,5.18954,11.4365,10.1812,2.72066,7.32529,9.60099,8.14782,9.4646,3.03891,8.64663,6.46094,7.66112,7.42241,6.19097,7.12415,6.7804,11.2883,3.48295,9.41902,7.20294,3.36528,6.54391,4.042,11.5322,3.03848,7.85738,8.7666,5.34567,7.7026,8.42655,6.35294,7.08597,9.51303,7.05957,4.90747,3.8998,9.44612,6.61318,6.45811,5.3405,8.04509,8.3784,6.48052,6.48024,6.68346,5.83742,4.47513,7.50325,5.69549,6.69819,6.57834,7.23025,7.11837,10.8637,8.87341,3.11079,3.23508,2.4287,6.10061,6.47004,6.25834,3.92467,8.76576,7.89498,2.8782,5.23884,5.02818,10.773,7.64257,6.22331,8.24132,10.2445,5.35979,6.95473,9.7006,4.24416,7.33627,3.63555,6.16532,6.19881,2.26273,6.63125,5.46318,10.946,11.1197,5.18109,7.12803
GSM1037316,2.67588,6.35543,10.6584,3.47914,9.21631,7.07424,6.27054,10.7053,7.97951,6.94444,8.05852,8.58068,6.83756,5.31629,11.7389,10.7349,3.51111,7.61609,10.2321,8.07264,9.54169,3.40315,8.71154,6.38952,8.09008,7.58194,6.54711,7.5762,6.6193,12.0582,3.47156,9.75578,7.37209,3.4904,6.75023,4.72162,11.8468,2.92015,8.59212,8.78227,6.00003,7.57077,8.87972,5.87927,7.08616,9.5434,7.31977,5.14525,4.87265,9.46151,6.54365,6.45269,4.47662,7.95694,8.7468,6.41504,6.23185,6.41334,5.91553,4.02758,7.42576,5.5631,7.60876,6.74078,7.29432,7.0651,10.8246,8.57194,3.30591,2.97878,2.63665,7.02384,6.47297,6.91392,4.62302,8.22506,9.65105,2.86529,5.24468,4.99086,11.2326,7.66921,6.0909,8.14756,10.8709,5.25722,6.92368,9.79815,4.10219,7.38173,3.53352,6.34402,6.28276,2.56268,6.93573,5.45263,12.111,12.1888,5.28584,7.31838
GSM1037317,3.63756,6.69976,10.8723,4.32492,9.39222,7.30417,7.03418,10.8903,8.39791,7.51694,8.7291,8.74514,7.35582,5.34883,11.5834,10.5668,5.64632,7.8027,10.168,8.85256,9.44027,3.28063,9.37698,6.6168,8.22711,7.72165,6.77719,7.57139,7.14439,12.182,4.058,9.30401,7.59505,3.49528,6.75868,5.07974,11.5837,2.79556,8.78726,9.39896,6.27446,7.49598,8.91649,5.89387,7.03905,9.58654,7.59328,5.42045,5.05937,9.59972,6.60634,6.76414,5.35116,7.95612,8.70295,6.74343,6.31705,6.82935,6.01985,4.11118,7.43224,5.65531,7.82275,6.51064,7.30023,6.9777,10.8772,8.56786,3.62147,3.33832,2.83076,7.03369,6.69022,6.86223,4.72622,8.40372,9.60184,2.77324,5.25777,5.25371,11.1619,7.90976,5.87058,8.39351,11.1117,5.34291,7.18578,9.85248,3.88439,7.44652,3.39708,7.07232,7.18267,3.0472,6.72874,5.45133,12.138,12.2784,5.54221,7.02928
GSM1037318,2.86455,6.4881,10.9288,4.04977,9.52224,7.18018,6.45734,10.8733,8.83486,7.30789,7.83344,8.8402,7.56827,5.78697,11.7371,11.022,5.30767,7.60862,10.2086,8.13222,9.53023,3.22659,8.71759,6.3713,8.27297,7.74524,6.53926,7.56284,6.96524,12.2035,3.66676,9.16991,6.93669,3.54435,6.77169,4.60454,11.7579,2.86479,8.96764,8.81266,6.13099,7.275,8.89717,5.98234,6.93004,9.50753,7.26142,5.35798,5.22146,9.70511,6.45097,6.93138,5.91128,7.5092,8.89143,6.66003,6.01782,6.29322,6.11001,3.89197,7.53556,5.23187,7.64465,6.80096,7.10864,7.15841,10.7677,8.83377,3.20792,3.11588,2.66609,6.85115,6.83433,7.10385,4.89513,8.43906,9.3711,2.55254,4.97064,5.0372,11.1742,7.88664,5.81545,8.18688,10.9904,5.19853,7.08969,9.82248,4.35274,7.06883,3.30662,6.93506,6.78087,3.19664,6.667,5.99655,11.6401,11.5326,5.12437,7.12127
GSM1037319,3.55146,5.99896,10.849,3.43358,8.83085,6.53786,5.92293,10.4716,7.32415,7.26133,8.84223,8.55274,7.30513,4.80545,11.6449,10.8556,3.721,7.38194,10.3555,8.10835,9.66871,3.24948,8.7616,6.6576,8.34654,7.54799,6.25301,7.525,6.50162,11.8968,3.49404,9.82232,8.12696,3.45664,6.49486,5.387,11.7544,2.92355,8.24636,9.08496,5.70176,7.49931,8.71706,6.06895,7.00873,9.49805,7.25959,4.85133,5.13576,9.65669,6.54605,6.6008,6.05553,9.20039,8.50608,6.45719,6.06286,6.34283,5.43767,4.45283,7.2949,5.27559,7.14266,6.65217,7.15883,6.90009,10.8867,8.54127,3.13716,3.20167,2.26015,6.67105,6.92981,6.70541,4.37639,8.371,7.28388,2.53048,5.46469,4.98997,11.2325,7.83447,5.90395,8.28214,10.6121,5.41874,6.96202,9.54448,4.69616,7.64345,3.65611,6.68463,6.47226,2.65381,6.67153,4.36835,11.9284,11.9829,5.76276,7.22674
GSM1037320,3.18902,6.45003,10.712,3.22522,9.26779,7.45915,5.60929,10.6653,8.22878,6.87323,7.41063,8.57131,7.13223,5.14149,11.8235,10.5264,5.35127,7.71829,10.2597,7.90661,9.28989,3.24694,8.45215,7.42029,9.0514,7.41567,6.3328,7.79276,6.78561,11.9615,3.5364,8.65368,6.78041,3.06687,6.36865,4.99026,11.6294,3.26275,8.47145,8.73011,6.0511,7.25965,8.45321,5.97119,6.96536,9.57733,7.35331,5.08981,4.7278,9.48421,6.74407,6.63914,5.83604,8.66135,8.6174,6.49478,7.34483,6.82565,5.6688,4.10967,7.38074,5.46493,7.38028,5.44934,7.09195,6.86033,10.652,8.36424,3.37774,3.17124,2.65407,6.78429,7.04124,6.73111,4.66957,8.4679,9.01685,2.10994,5.38336,4.55056,11.1529,7.30205,6.04843,7.93524,10.372,5.45929,6.89608,9.8004,3.88376,7.39736,3.60844,6.40082,6.24267,2.67791,6.61808,5.55306,11.4576,11.5853,5.09343,7.23577
GSM1037321,3.54953,6.71185,10.7233,3.61611,9.25846,6.78108,5.96914,10.8416,8.43946,7.49502,7.81647,8.65965,7.47561,5.77346,12.0187,10.7311,5.70441,7.76859,10.2071,8.02037,9.48764,3.15496,8.52037,6.49021,8.09064,7.81286,6.63936,7.39796,6.80036,12.1681,4.16708,9.08396,7.79033,3.42167,6.55535,4.8571,11.9266,3.04082,8.89347,8.71818,6.14252,7.63132,8.94516,5.85932,6.90462,9.47442,7.44218,5.30505,4.52705,9.53225,6.40564,7.22593,5.50285,7.61148,8.80408,6.72708,6.16006,6.53745,5.93363,4.01993,7.51437,5.89815,7.21192,5.82816,7.44302,7.02001,10.8458,8.56293,3.20634,3.11592,2.3863,6.68491,6.88553,6.74385,4.90229,8.31957,9.22596,2.959,5.36695,5.1959,11.0784,7.49192,5.88539,8.24546,10.7391,5.37876,7.06285,9.64798,4.35097,6.92408,3.53611,6.69423,6.4201,2.7755,6.86842,5.97162,12.0691,12.1904,5.80909,7.00873
GSM1037322,2.87631,6.61491,11.1745,3.5887,8.99949,7.15174,6.0703,9.97577,8.15602,7.90079,7.31718,8.411,7.32429,6.06417,11.7654,10.2173,5.38809,7.78851,9.94344,8.40686,9.23256,3.28928,8.87309,6.19124,7.83659,7.32482,6.10937,7.80859,6.81248,11.4882,4.36484,9.07147,7.23905,3.64683,6.44912,4.68477,12.0009,3.08719,8.34169,9.24161,5.85486,7.28644,8.71064,5.73187,6.77001,9.62123,7.37676,5.29173,4.53869,9.58974,6.41892,6.53673,5.01081,8.2501,8.60449,6.7202,6.26024,6.38123,5.87616,3.93964,7.5239,5.37398,7.02323,6.49005,7.34335,7.01022,11.0272,9.07535,3.74654,3.15261,2.80006,6.52079,6.75553,6.36778,4.52713,7.84421,8.94022,3.3682,5.28885,5.13133,11.0593,8.19593,6.07218,8.14456,10.11,4.80982,6.8782,9.79259,4.34523,6.97991,3.51289,6.54664,6.87098,2.61928,7.24194,5.307,10.7339,10.7543,5.69547,7.12165
GSM1037323,2.71902,5.9042,11.1115,4.35404,8.97385,7.31455,6.04866,10.7219,8.22898,7.41964,8.1167,8.84137,7.57615,5.61866,11.9449,10.9292,5.27779,7.38378,10.2409,8.30935,9.5888,3.21102,8.70277,6.93294,8.26659,7.61827,6.56101,7.74856,6.67444,12.3281,4.00408,9.71235,7.5178,3.60712,6.77032,4.61738,11.7226,2.7498,8.37311,8.98422,6.16471,7.31759,8.99633,6.19677,6.89966,9.43249,7.54904,5.22437,5.00954,9.64846,6.36697,6.613,5.71983,7.6426,8.56554,6.4629,6.28691,6.95666,5.96156,4.20537,7.55087,5.1384,7.31648,5.66892,7.21171,7.01026,10.9673,8.55614,3.30282,2.97659,2.53078,6.63356,6.76289,6.72491,4.85133,8.49504,9.30416,2.88089,5.31081,4.76399,11.1783,7.50922,5.8431,8.61566,10.93,5.03527,7.19847,9.69417,3.96628,7.30983,3.50205,6.87967,6.69519,2.68861,7.05868,5.24273,12.5206,12.5925,5.56789,6.95692
GSM1037324,2.68419,5.348,10.9051,3.2432,8.7579,7.34343,5.6036,10.5482,7.6347,7.22286,8.05202,8.95567,7.56139,6.07493,11.7249,10.7544,5.27689,7.65442,10.2103,7.94698,10.0309,3.26605,8.55516,6.35265,8.06646,7.47073,6.5289,7.99086,6.78039,12.0755,4.28906,9.53986,7.94981,3.83895,6.66381,4.35022,11.9199,3.00296,8.29921,8.95997,5.99242,7.23669,9.06227,6.16217,6.9627,9.64411,7.20164,5.51435,5.70989,9.71551,6.63243,7.06052,6.43571,8.5387,8.81072,6.74959,5.95543,6.63626,6.01532,3.78415,7.85914,5.1723,7.39533,6.3015,7.47934,6.93059,11.2091,8.86423,3.43408,3.15378,2.75645,6.76744,6.5493,6.78598,4.80229,8.31204,8.72555,2.93324,5.11329,5.33298,11.4194,8.12046,6.00179,8.53641,10.9619,5.13198,7.06349,9.81899,3.91646,7.26196,3.5474,6.823,6.52491,3.07485,7.07744,5.17649,11.7708,11.9156,6.51814,6.61816
GSM1037325,3.3392,5.74298,11.286,3.98558,9.28443,7.15662,5.5132,10.7117,8.32088,7.2376,7.76346,8.84342,7.43872,5.60969,11.8587,10.3797,3.99986,7.25639,10.1968,8.13966,9.40889,3.3487,8.77214,6.42266,8.15131,7.45226,6.01769,7.55548,6.74403,12.0506,3.55804,9.43492,7.08742,3.65387,6.78329,4.40841,11.9231,2.9079,8.28129,8.92586,6.1722,7.40999,8.66074,5.89423,6.80569,9.51481,7.94893,5.09595,4.18547,9.44945,6.52022,6.6334,5.18702,6.99377,8.52957,6.18197,6.08364,6.29321,5.9037,3.99419,7.13666,5.43639,7.38769,6.1638,7.40999,6.88911,10.768,8.58732,3.27514,3.13353,2.53847,6.86241,6.72601,6.78163,4.25753,8.48743,9.01336,2.51782,5.18711,4.9204,11.3596,7.69891,6.02732,7.9837,10.5637,5.22679,7.0259,9.63835,4.1965,7.49724,3.43424,6.7115,6.71421,3.43583,7.1295,5.54175,12.3253,12.3329,5.33113,7.20332
GSM1037326,3.03072,5.09894,10.8433,4.14534,8.90374,6.9496,5.27088,10.3958,8.03399,7.35594,8.15231,8.68564,7.19754,5.6384,11.6172,10.2368,4.3965,6.95314,10.2214,7.84345,9.44658,3.63329,8.47521,7.03288,8.94391,7.12429,6.11835,7.83962,6.43895,11.8502,3.67038,9.5968,7.97144,3.27802,6.6452,4.3242,11.8325,2.6244,8.29123,9.18942,5.8646,7.14383,8.47521,6.17713,7.11836,9.40948,7.60315,4.72409,4.54329,9.65246,6.67151,6.4287,5.95641,7.64239,8.51124,6.39617,6.2694,6.27248,5.77554,4.12702,7.52187,5.28576,7.43724,6.18967,7.26183,7.17232,10.7589,8.71748,3.18706,3.13683,2.50239,6.58599,7.07438,6.68756,4.2383,8.50159,9.48868,2.51388,5.06518,4.81906,11.1361,7.74986,6.12471,7.80034,10.6227,5.13469,6.9339,9.65364,4.14068,7.50113,3.53758,6.60775,6.71153,2.90895,6.47328,5.39685,12.1345,12.2215,5.84823,6.84011
GSM1037327,3.16445,5.92049,11.0063,3.77531,8.94792,6.84607,6.34473,10.2168,7.74387,7.23543,7.93866,7.91917,7.10641,5.52971,11.8308,10.2059,4.87088,6.94893,10.2838,7.84508,9.46279,3.20925,8.4069,6.86692,8.76181,7.34472,6.431,7.87611,6.6497,11.8206,3.87582,8.74318,6.66077,3.31562,6.68987,4.85914,11.8383,2.95552,8.22104,8.70968,6.08507,7.44122,8.66715,6.25878,7.21568,9.3064,7.37781,5.10904,4.46881,9.63293,6.52331,6.36858,6.63485,9.03483,8.38123,6.50764,6.3807,6.81051,6.1923,3.9902,7.19249,5.45125,6.93146,5.86916,7.1755,7.09196,10.589,8.38508,2.89429,3.15351,2.32608,6.53822,7.02896,6.58124,4.40925,8.38185,9.02768,2.59618,5.28847,4.43347,10.9566,7.46894,5.79959,8.05302,10.7097,5.51756,7.15432,9.54113,5.1439,7.30455,3.67998,6.47647,5.99081,2.5722,6.64251,5.31328,12.0422,11.9767,5.29308,6.85431
GSM1037328,2.99188,5.23179,10.8341,5.23045,8.72788,7.14502,5.43448,10.5537,7.62479,7.15602,8.35099,8.51692,7.24122,5.66707,11.7563,10.3538,4.90468,7.05034,10.3945,7.83556,9.40191,3.21203,8.36539,6.40592,8.62165,7.45062,6.29659,7.55314,6.4577,11.9349,3.78293,9.37239,7.12217,3.51924,6.58835,4.71934,11.6341,2.99108,8.54947,8.3849,6.06145,7.44592,8.57835,6.38711,7.11485,9.61503,7.50743,5.15643,5.31998,9.58198,6.44967,6.72488,6.24762,7.6554,8.61794,6.61883,6.21889,6.29214,6.11572,3.96281,7.53032,5.32176,7.16661,6.13944,7.29963,7.12562,10.7583,8.54195,3.47721,2.71999,2.60504,6.89881,6.83451,6.73241,4.48053,8.56567,9.39662,2.48862,5.11947,4.96327,11.0301,7.92744,6.0812,7.94323,10.7129,4.89979,7.06953,9.47923,4.36747,7.21535,3.55734,6.38662,6.10889,2.97537,7.04683,5.84449,12.4782,12.4234,5.13444,6.69254
GSM1037329,2.87218,5.56448,10.7249,3.8927,8.6931,7.08735,5.37661,10.195,8.28062,6.80278,9.44357,8.75819,7.26461,4.76225,11.5704,10.5986,3.92796,7.26891,10.2208,7.97038,9.29411,3.06301,8.36216,7.06908,8.69379,7.56946,6.22771,7.49241,6.55521,11.6138,3.58174,8.72333,6.10907,3.09337,6.4759,4.75468,11.838,2.77405,8.5478,8.63814,6.13579,7.46897,8.55072,6.1567,6.98732,9.48786,7.6432,5.26235,4.3003,9.55064,6.54317,6.36494,6.31433,7.82613,8.46776,6.1534,7.06898,6.33769,5.88007,4.01631,7.07292,5.60474,6.82702,5.46664,7.24337,6.98305,10.4486,8.15549,3.22932,3.17706,2.46673,6.73175,6.76705,6.6171,4.31743,8.55229,9.52123,2.72631,5.38647,5.01007,11.1916,7.36118,6.10119,7.82286,10.44,5.21286,6.79242,9.31336,3.9742,7.41526,3.60959,6.3427,6.27334,2.749,6.78423,5.32858,11.788,12.0595,5.17505,7.19034
GSM1037330,3.53396,6.12955,10.7564,4.3648,9.01182,6.89722,5.4171,10.5844,8.16879,6.75807,7.70117,8.78652,6.63081,5.50768,11.695,10.752,4.09023,7.38674,10.2956,8.2048,9.53123,3.07743,8.68304,6.02172,7.52147,7.32974,6.21245,7.65118,6.72262,11.6275,3.30028,9.13272,7.39518,3.52888,6.55215,3.92183,11.886,3.08687,8.55343,8.99947,5.84983,7.3137,8.65036,5.80363,7.0336,9.4024,7.14758,5.25341,5.03107,9.57786,6.49169,6.7375,5.29536,7.67787,8.67795,6.48205,6.43669,6.51618,5.61692,4.09187,7.14437,5.81738,7.64559,6.54509,7.19445,7.11708,10.7232,8.51593,3.80628,3.11835,2.77773,7.24836,6.37999,7.05075,4.50827,8.35161,9.90885,3.02317,5.42469,4.93376,11.4125,7.48801,5.85309,8.05801,10.205,4.88779,6.87931,9.90941,3.9847,7.31723,3.40675,6.64028,6.74536,2.77188,6.63656,5.29587,12.1137,12.0774,5.55833,6.80711
GSM1037331,3.5123,6.59808,10.7653,3.82946,9.08094,6.50931,6.11065,10.737,7.96152,6.86483,8.02123,8.44029,6.86852,5.71045,11.725,10.7419,4.51731,7.58708,10.1294,8.39507,9.5133,3.68032,9.086,6.63132,8.32642,7.67273,6.66625,7.61997,6.87813,11.9655,3.10149,9.19338,7.37083,3.48765,6.84225,5.10624,11.8248,2.84474,8.58262,9.10756,6.16433,7.23795,8.68677,5.98172,7.00512,9.38203,7.35401,5.06058,4.66824,9.66914,6.66824,6.69418,5.79726,8.5303,8.69706,6.48297,6.37728,6.23037,5.9255,4.20512,7.28022,5.33076,7.209,6.99335,7.13894,7.14106,10.8455,8.6333,3.02978,3.26577,2.31028,6.94114,6.84626,6.72054,4.65383,8.52657,9.46016,2.628,5.44078,4.93264,11.1488,7.49726,6.03694,8.47231,10.8644,5.45105,7.11353,9.63384,4.14311,7.4734,3.6154,6.98349,6.70688,2.38418,7.01896,5.10834,12.3213,12.3502,5.35266,7.35054
GSM1037332,3.1373,5.81243,10.8043,2.82973,9.20023,6.52532,4.91734,10.3114,7.36906,6.90401,7.52686,8.43204,6.94429,5.18135,11.5845,10.5119,3.43259,7.80109,9.932,7.9109,9.47513,3.18531,8.39758,6.66853,8.54056,7.27266,6.47702,7.07088,6.70782,11.7072,3.34794,8.60931,6.748,3.40807,6.70024,4.71406,11.6977,3.08503,8.07522,8.66164,5.76443,7.60622,8.61044,6.33843,7.29551,9.24702,7.07811,5.10679,3.77405,9.31491,6.61253,6.52948,6.0897,8.14076,8.40485,6.57045,6.44947,6.46924,5.81719,4.30431,7.2435,5.48897,6.97606,6.23129,7.01798,6.91752,10.5791,8.72722,3.21792,3.14257,2.07704,6.43785,7.05288,6.52742,4.48919,8.43749,9.03011,2.53535,5.28843,4.54207,10.917,7.01992,6.11961,8.04314,10.5055,4.93099,7.09327,9.40202,4.6024,7.30066,3.51626,6.03893,6.21741,2.56393,6.72561,5.59037,11.2359,10.9964,5.25887,7.27787
GSM1037333,2.28731,6.13069,10.6305,3.76432,8.99203,6.53847,5.93975,10.3618,7.81731,6.90557,7.58698,8.14236,7.19734,4.71459,11.5923,10.795,2.68961,7.91047,9.86197,7.55503,9.58812,2.95318,8.13172,6.84847,8.46657,7.38001,6.54574,7.54121,6.94808,11.7017,3.25895,9.28115,6.77723,3.04722,6.8197,4.58453,11.7093,2.63073,7.91303,8.25412,5.92223,7.34359,8.36094,5.96665,6.94599,9.31009,7.1636,5.03528,3.96,9.31264,6.78095,6.5241,5.11982,8.46777,8.56766,6.71128,6.50307,6.14109,6.17781,4.30658,7.04713,5.35232,6.93054,6.22402,6.95211,7.11379,10.4614,8.73179,3.263,3.02277,2.426,6.79838,6.88464,6.74201,4.264,8.56232,9.44052,2.33862,5.30632,4.72553,11.0505,7.29299,6.12977,8.16545,10.6729,5.12527,7.14451,9.50222,4.41585,7.54582,3.77344,5.61945,5.86404,2.44688,7.20559,5.48603,12.1595,12.2349,5.03357,7.38904
GSM1037334,3.05024,6.86038,11.0248,4.02665,9.03021,7.52773,5.51465,10.7009,8.49612,6.8663,7.57275,8.87943,6.79926,5.64013,11.7756,10.9022,4.05874,7.83382,10.273,8.11058,9.57029,3.34083,8.5352,6.0639,8.54118,7.26922,6.71509,7.76475,6.91986,12.0704,3.85152,9.82734,7.73968,3.19266,6.71203,4.60741,11.8972,2.9688,8.86915,8.68802,6.09951,7.22328,9.104,5.78006,7.04236,9.49691,7.41696,5.17153,5.24124,9.4992,6.44057,6.65529,6.04806,7.63334,8.77771,6.71476,6.48117,6.62954,5.58799,3.99599,7.46785,5.40186,7.59486,6.79457,7.09005,7.04658,10.8779,8.70956,3.00315,3.18337,2.61029,7.31239,6.94452,7.03098,4.75372,8.45066,8.96618,3.63541,5.43364,5.34574,11.3435,7.69909,6.03504,8.28818,10.9256,5.34566,7.18934,9.83023,3.93011,7.16427,3.55759,6.49392,6.32194,2.44253,6.7824,5.53657,12.0861,12.1961,5.59652,7.01583
GSM1037335,2.60156,5.2642,10.7308,2.74166,8.83809,5.66123,5.08952,10.1915,7.97819,6.08117,8.64655,8.03526,6.86791,4.96909,11.4076,10.023,2.26906,7.21962,9.83737,7.79439,9.65447,3.10384,8.28897,6.69569,8.27963,7.41063,6.06698,7.19278,6.72445,11.5715,3.31668,9.09855,7.12184,3.34075,6.47235,4.70632,11.7998,3.16852,7.91214,8.36747,5.46243,7.57617,8.59567,6.74932,7.09546,9.36038,7.04596,4.95923,4.20965,9.34667,7.00652,6.67348,5.11874,9.33167,8.39726,6.6895,6.50386,6.44311,5.74581,4.32923,7.00972,5.89524,7.09665,6.31985,6.81473,7.14767,10.3794,8.81272,2.82615,3.42006,2.11778,6.47532,6.72036,6.68853,4.39353,8.98436,8.27147,2.79673,5.21054,4.84155,11.0467,7.10423,6.39091,7.66382,10.479,4.99673,7.00132,9.32507,4.14779,7.86216,3.77967,5.65816,5.87424,2.6062,6.63053,5.26589,11.5369,11.7308,5.25761,7.55766
GSM1037336,3.08142,5.54288,10.9706,2.99158,8.79226,6.51942,4.60594,10.128,7.61213,7.03276,7.77664,8.57964,6.90075,5.55789,11.7117,10.5299,4.47996,7.66817,10.0386,7.85803,9.33733,3.15055,7.9318,6.33765,8.25793,7.17481,6.2368,7.26844,6.96309,11.6734,3.09157,9.02667,6.80304,3.92966,6.36756,4.30003,11.5343,3.02664,7.75202,8.60041,5.8015,7.37965,8.27252,5.9041,7.03217,9.65744,7.01974,5.19968,3.60758,9.30908,6.34794,6.20303,5.9983,7.97352,8.45593,6.47819,6.12176,6.67659,5.57872,4.36902,7.28001,5.54253,7.10787,5.4011,7.1939,7.1958,11.2085,9.09387,3.0045,3.5637,2.07917,6.42027,6.73072,6.60102,4.01739,8.34232,9.14153,2.52744,5.31235,4.29085,11.0744,7.07484,5.83939,8.30713,11.0197,5.62669,6.93464,9.65248,4.16217,7.28932,3.37475,6.52437,6.10397,2.47743,6.72121,4.95979,11.4829,11.6196,4.59369,7.56474
GSM1037337,3.92671,4.66173,10.3706,2.31925,8.4416,6.49809,4.79078,9.91193,6.75317,7.22461,9.32018,8.03919,7.31714,5.17986,11.4858,9.95471,2.01778,7.39675,10.1231,6.92278,9.41515,3.33505,7.58452,6.28983,8.78368,7.1739,5.93213,7.34783,6.45714,11.715,2.98256,8.99943,7.36097,3.35781,6.58127,5.5474,11.4069,3.0066,7.9139,8.09882,5.95825,7.54061,8.37901,6.24311,7.47249,9.27863,6.67515,5.02875,3.74928,9.37914,6.6272,6.5273,6.08026,8.45609,8.43871,6.29186,6.54208,6.99735,5.74062,4.5663,7.1237,5.91896,7.36945,5.68809,6.94206,6.92347,10.57,8.44739,2.84663,3.28023,2.46246,6.45026,6.90281,6.62589,4.16082,8.56744,8.78787,2.77478,5.44642,3.98745,10.6799,7.37333,6.48519,8.09568,10.5139,5.45382,6.67785,9.32945,5.07429,7.67399,3.68501,5.34808,5.29472,2.65611,6.31427,4.59709,11.8185,11.7594,4.80899,7.58593
GSM1037338,2.90771,5.06943,10.6758,2.86966,8.21348,6.80432,4.69036,9.94131,7.3261,6.74457,8.00955,8.07004,7.22136,4.66119,11.511,9.80505,3.48994,7.50823,10.1089,6.9753,9.29833,3.25018,7.55621,6.65443,8.94561,7.00123,6.27752,7.29762,6.31205,11.7769,2.99647,9.55136,7.3322,3.20042,6.68558,4.4421,11.4568,3.03006,7.78588,8.2039,5.74699,7.57202,8.49319,6.41151,7.1102,9.41413,7.08536,4.73189,4.14563,9.4269,6.67605,6.30133,4.65973,9.24079,8.41732,6.43685,6.19695,6.70545,5.86187,4.45764,7.16657,5.88137,7.3689,5.47382,6.91401,6.96438,10.5767,8.39678,2.69624,3.68787,1.95019,6.48845,6.89701,6.52131,3.88105,8.58027,8.75132,2.62626,5.384,4.24113,10.8373,7.57486,6.28071,8.2545,10.6657,5.13248,6.97464,9.22993,3.95179,7.63317,3.55806,5.64222,5.08606,2.54837,6.66651,5.28614,11.7315,11.7029,4.69379,7.33751
GSM1037339,4.35623,4.5505,10.4379,1.99642,8.06463,6.33984,4.99362,10.3043,6.25859,6.61227,7.93414,7.82086,6.81146,5.50676,11.3695,9.94182,3.01779,7.33985,10.1104,7.05077,9.94521,3.31506,7.73505,6.4404,8.23666,6.84522,6.42851,7.55281,6.32146,11.9841,3.14008,9.54216,8.10013,3.1746,6.79332,4.70407,11.2317,2.91149,7.52062,8.58957,5.71116,7.7084,8.54923,6.38924,7.50301,9.41528,6.79567,4.78752,3.67043,9.35813,6.58244,6.43076,6.50401,7.67494,8.41816,6.45698,6.32625,6.88511,5.72482,4.63856,7.41787,5.80745,7.4509,5.66295,6.92498,6.97777,10.8414,8.74427,2.71063,3.45797,2.09445,6.34822,6.6918,6.5187,4.08377,8.47118,8.81347,2.87811,5.62476,4.20966,10.8663,7.16008,6.38632,8.27776,10.8923,5.08094,6.94806,9.45936,4.19065,7.483,3.75567,5.48875,5.48768,3.02193,6.27776,4.82064,11.6168,11.6161,4.93536,7.34885
GSM1037340,2.78126,5.70881,10.7649,3.23984,8.93168,6.55767,5.77984,10.3061,8.0493,7.31222,8.39719,8.08728,7.60987,5.44319,11.6885,10.2052,4.96025,7.45008,10.1489,7.61804,9.57136,3.35281,7.64129,6.42337,8.8238,7.09206,6.28695,7.11157,6.88395,11.699,3.2569,8.62164,6.7994,3.34207,6.45945,4.35747,11.4862,3.03334,7.93997,8.52118,6.10979,7.50929,8.061,6.16893,6.94117,9.33524,6.97599,5.18137,4.08686,9.2375,6.51261,6.15602,6.20094,8.11754,8.21293,6.24911,6.62781,6.34666,5.54053,4.33119,7.07601,5.45703,7.25267,5.60105,7.26429,7.07945,10.6129,8.58894,2.48713,3.52518,2.54514,6.3207,6.87062,6.50439,4.17875,8.55111,9.50736,2.59895,5.33689,4.22768,10.9614,7.03841,6.01028,7.96816,10.738,5.36293,6.75004,9.35945,4.27025,7.29094,3.55867,5.82048,5.76567,2.66923,6.23546,4.9289,11.4935,11.6235,4.62839,7.40614
GSM1037341,3.14911,6.34125,10.9061,2.9549,8.69691,7.22613,4.65377,10.4021,7.67206,6.60976,9.60109,8.39708,7.26567,4.85943,11.6045,10.23,4.99549,7.9446,10.3139,7.24041,9.52633,3.16932,7.5102,6.65686,8.81681,7.1766,5.86704,7.31331,6.79115,11.7099,3.4735,8.68032,6.49753,3.45409,6.5455,4.6264,11.5096,2.90578,8.12977,8.15087,6.2421,7.35025,7.99438,6.16216,7.03938,9.1687,7.01198,5.35177,4.31809,9.46442,6.76721,6.35816,6.01348,8.45123,8.4338,6.43641,6.39335,6.53058,5.60051,4.22166,7.09076,5.36866,7.11021,5.62678,6.9326,7.09263,10.6854,8.57578,2.93746,3.23169,2.66295,6.73217,6.9049,6.66292,4.29168,8.51981,9.46158,2.68744,5.30877,4.53215,11.1287,7.20558,5.94456,8.07084,10.5284,5.17074,6.89155,9.33051,5.03699,7.60406,3.50646,5.87192,5.59794,2.44643,6.64734,5.27947,11.2132,11.2743,4.48508,7.08103
GSM1037342,3.09891,5.43806,10.1978,2.18139,8.81627,5.02976,5.03803,9.69378,5.91212,6.77405,8.3297,8.60113,7.14488,5.69646,11.7418,9.76243,4.41383,7.85654,10.0397,8.05137,9.41821,3.1345,8.17051,6.35787,8.26041,7.40594,6.02059,7.48438,6.44907,11.7766,2.82841,9.33945,7.35275,2.90815,6.83215,4.7164,11.4182,3.25939,8.59305,8.67933,5.7542,7.42054,8.35255,6.09917,7.06102,9.43182,7.01659,4.92838,4.46204,9.32849,6.53165,6.52923,4.52072,8.13117,8.34009,6.4963,6.41287,6.90051,5.81188,4.5518,7.15421,5.75576,6.67569,5.31736,7.08771,7.11708,10.3561,8.56599,2.65491,3.43412,2.1699,6.65595,6.85286,6.41813,3.77817,8.63496,9.29386,2.59165,5.79339,4.5807,10.4879,7.30889,6.09825,8.41598,10.1251,5.66792,6.65594,9.57648,4.80399,7.33901,3.49877,5.86687,6.12482,2.0619,6.94598,5.13657,11.3823,11.3695,4.56081,7.00578
GSM1037343,4.14387,4.5145,10.1697,2.54101,7.75851,5.76433,3.85724,8.95343,6.74925,7.1812,8.14838,7.19264,7.01525,5.46315,11.1996,10.5269,2.64187,7.45,9.94356,8.02133,9.29393,3.46917,7.51616,6.40629,8.61701,7.01714,6.49035,7.43749,6.39631,11.7175,3.4427,9.71598,6.5891,3.60974,6.41017,5.00742,11.1774,3.57328,7.95474,8.85508,5.31849,7.62891,8.06541,6.37911,8.03584,8.9932,7.32755,5.1982,3.87073,9.52886,6.97931,5.61475,4.89894,9.04218,8.30306,5.93315,6.4425,7.47526,5.82917,4.66678,7.37319,5.96301,6.34375,5.76971,7.38178,7.14974,10.4487,8.79943,2.99051,3.70432,2.54243,5.96454,7.08673,6.38297,4.18893,8.49381,8.0621,3.51714,5.67132,3.95441,10.5068,6.56459,6.58888,8.27363,10.8652,5.05877,7.05511,8.90597,5.17151,7.59687,4.0978,6.34486,7.00569,2.7458,6.24257,4.87251,11.6743,11.7298,4.41786,7.35574
GSM1037344,2.67396,5.10846,10.4472,2.2261,8.29839,6.75514,5.5596,9.99119,6.74239,6.61564,8.04655,8.0618,6.78202,4.93953,11.4805,10.0909,3.9936,7.20348,10.3413,7.28785,9.52619,3.27893,7.58765,6.40681,8.45885,6.77197,6.60419,7.80236,6.59428,11.7877,2.80983,9.47268,7.62295,3.25328,6.51311,4.40115,11.487,3.27989,7.73017,8.49855,5.87952,7.56193,8.52826,6.55397,7.50725,9.22491,7.03962,4.67981,3.63485,9.49685,6.74965,6.3898,5.8413,9.13156,8.3452,6.29392,6.45922,6.57274,5.75025,4.46314,7.18243,5.54933,7.27817,5.4568,6.96847,7.00888,10.5104,8.77077,2.74501,3.46293,2.00875,6.54917,6.81823,6.61763,4.24624,8.62684,9.40328,2.46332,5.63547,4.25668,10.742,6.80744,5.98344,8.15106,10.88,5.33511,6.86327,9.34948,4.06125,7.47207,3.59317,5.86337,5.70602,2.73101,5.92655,4.78553,11.4316,11.5447,4.31927,7.17803
GSM1037345,2.93453,4.94422,10.4508,2.56706,8.47366,6.31499,5.25131,10.323,7.20119,6.78072,7.94307,7.41694,6.30577,5.50218,11.4137,10.2429,3.31822,7.88274,10.1188,7.36478,9.77455,3.25018,7.87242,6.4654,8.57762,6.624,6.81322,7.85588,6.45616,11.8404,3.0699,9.5643,7.53958,3.27577,6.87633,5.28004,11.4976,3.13271,7.94778,8.56088,5.40584,7.68518,8.36404,6.2264,7.13544,9.43489,7.12544,4.88417,4.38896,9.47467,6.67955,6.36507,6.33308,8.42458,8.38448,6.40148,6.25335,6.80258,5.67965,4.50083,7.23216,5.601,7.40379,5.72271,7.0958,7.07526,10.8071,8.65963,2.83601,3.64944,2.14558,6.36743,6.83565,6.55699,4.47871,8.36597,9.11158,2.43915,5.46565,4.27596,10.9785,6.63093,6.09722,8.43537,10.8883,5.36881,6.98305,9.40895,4.13962,7.29152,3.72387,5.91568,5.62003,2.66227,6.55104,4.90379,11.2588,11.396,4.77065,7.57333
GSM1037346,3.27718,5.39777,10.5543,2.56987,8.77663,6.60701,5.20842,10.3676,7.02919,6.72353,7.38875,7.88197,6.61215,4.87072,11.6069,10.2931,3.07574,8.00267,10.2288,7.28517,9.52362,3.32459,7.9332,6.41944,8.39584,7.03205,6.23562,7.47182,6.60922,12.0701,2.70799,9.18003,7.45724,3.48036,6.69965,5.06374,11.5567,3.35578,7.65725,8.4407,5.99308,7.73225,8.53163,6.17731,7.45214,9.29548,6.9301,5.10381,3.73018,9.35217,6.51361,6.34298,6.11347,6.67941,8.40132,6.2525,6.55662,6.95847,5.79781,4.5518,7.35462,5.88043,7.19412,5.62226,7.18526,7.03538,10.8447,8.77905,2.92518,3.66871,1.84785,6.48673,6.71113,6.66235,4.03906,8.3571,8.86115,2.20117,5.78381,4.27507,10.9613,6.71371,6.34618,8.33034,11.1086,5.12887,6.85898,9.48211,4.23642,7.44082,3.62323,5.65961,5.47233,2.08829,6.31917,4.84595,11.2734,11.2849,4.97406,7.76756
GSM1037347,3.17755,4.7576,10.3288,2.76882,8.518,6.90065,4.7008,10.0022,7.5362,6.6182,8.66088,8.19609,7.2893,5.44853,11.4324,10.0644,4.49945,7.34266,10.0341,7.27692,9.14793,3.28971,7.4959,6.56087,8.81079,6.9458,6.18284,7.2738,6.44632,11.8353,3.57344,9.59221,7.43201,3.30006,6.68363,4.54242,11.262,2.9957,8.37903,8.46773,5.61359,7.772,8.36209,6.21896,6.92403,9.55988,7.10954,5.03783,4.5492,9.45018,6.5221,6.24057,6.1323,8.45347,8.58444,6.04305,6.37301,6.78637,5.32492,4.50327,7.30034,5.83904,6.82805,5.78708,7.30603,7.02521,10.5329,8.08707,3.17297,3.57263,2.137,6.27446,6.78341,6.5899,3.71342,8.31056,9.14879,3.42072,5.828,4.23952,10.74,7.20868,6.31089,7.75356,10.585,5.74882,6.63246,9.4595,5.35686,7.46878,3.68448,5.24523,5.57229,2.2536,6.11068,4.39685,11.531,11.643,4.54302,7.17595
GSM1037348,3.49248,3.97524,10.5499,3.11423,8.22736,6.37084,4.30279,10.1463,6.46665,7.26625,7.80275,7.49006,7.03418,5.28083,11.4789,9.31816,3.74991,7.56662,10.2134,6.75514,9.4798,3.31329,7.28716,6.64422,8.79281,7.14423,6.01778,7.14925,6.31625,11.7078,3.19574,8.69226,6.55216,2.94395,6.65897,4.86003,11.482,3.53874,7.44686,7.67872,5.96687,7.89534,8.13604,6.44001,7.25154,9.26733,6.5759,4.89003,3.25041,9.25787,6.77525,6.22272,6.16851,7.68596,8.25133,6.11696,6.45796,6.87254,5.62407,4.63271,7.12132,6.07696,7.19978,5.78058,7.06187,6.97654,10.6023,8.42466,2.84168,3.37964,2.24788,6.46851,6.75287,6.73356,3.95589,8.56719,8.58801,2.90151,5.43797,3.43836,10.7925,6.99086,6.4389,8.02494,10.4414,5.52264,6.74795,9.33863,4.28013,7.34293,3.39592,4.50076,4.58812,2.2756,6.41973,5.09019,11.2649,11.3835,4.76948,7.82371
GSM1037349,3.36006,6.48665,10.7793,3.33855,8.87634,7.10575,5.34102,10.3649,8.14913,7.48511,8.25068,8.49527,7.7522,5.29018,11.5719,10.1541,6.01947,7.82825,10.1261,8.72795,9.69942,3.26346,8.98859,6.24836,8.57634,7.61678,6.48359,7.59383,6.78107,12.0205,3.799,10.2544,8.02167,3.4333,6.72268,4.51203,11.4817,2.92971,8.48641,9.30916,6.18409,7.57587,8.53652,5.88939,6.70499,9.35552,7.43682,5.16166,4.70285,9.51813,6.41122,6.65051,4.90392,8.31296,8.45153,6.58512,6.27712,6.18038,5.8395,4.45108,7.34097,5.41863,7.50542,5.68476,6.94883,7.03531,10.6866,8.96318,3.16566,3.35835,2.37953,6.6961,6.79566,6.69764,4.29612,8.29048,9.15285,2.83601,5.39941,5.05102,11.0609,7.53402,5.83769,8.32919,10.8414,5.49663,6.78204,9.51436,4.01379,7.24344,3.57458,6.76119,7.0288,2.21399,6.63802,5.35296,11.7409,11.7591,4.71439,6.73365
GSM1037350,2.99698,6.43686,10.978,3.54733,9.20148,6.84995,5.15624,10.2013,7.80583,6.75571,8.18363,8.6566,7.63498,5.46735,11.5726,10.6203,5.42635,8.04056,10.1747,7.84404,9.78182,3.37785,8.02517,6.0132,8.34436,7.38238,6.29418,7.62335,6.90048,11.8372,3.67393,9.28718,7.31542,3.65972,6.61013,4.2599,11.7145,2.85831,8.44819,8.69038,6.28695,7.35383,8.60152,5.9336,7.00384,9.53249,7.69881,5.3142,3.95224,9.59595,6.47733,6.37229,6.2463,7.9705,8.47501,6.62343,6.34575,6.34149,5.8376,4.17261,7.42481,5.31145,7.36354,5.87343,7.17777,7.06039,10.7775,8.88415,3.14559,3.1987,2.44429,6.52444,6.56588,6.52287,4.39018,8.29334,9.21324,2.69731,5.3736,4.55258,10.9896,6.98658,5.81189,8.89204,11.0153,5.01717,6.81721,9.51226,4.18069,7.39494,3.27708,6.13507,6.34975,2.68955,6.57615,5.09195,11.5623,11.6341,4.87572,6.76
GSM1037351,3.35916,6.30592,11.1361,3.32267,9.18266,7.08647,5.59908,10.1947,8.0007,7.44111,7.82726,8.43487,7.50743,5.59157,11.6947,10.5133,4.60591,7.82271,10.3159,8.26354,9.95026,3.30648,8.59196,6.4135,8.34165,7.5011,6.59651,7.56743,6.92779,12.0705,3.72107,10.2568,7.7364,3.59197,6.98588,3.79936,11.5417,2.99194,8.47401,8.9381,6.44767,7.44005,8.50794,6.15988,6.66553,9.41517,7.3818,5.14278,4.67885,9.54739,6.41061,6.48127,5.06613,7.50355,8.306,6.35648,6.11782,6.24717,5.7102,4.35237,7.4731,5.23841,7.71541,5.43377,7.22369,7.18102,10.9016,9.07359,2.84845,3.38859,2.37371,6.60212,6.57867,6.70409,4.06955,8.25848,9.26763,3.48726,5.30938,4.34176,11.1554,7.2595,5.71429,8.37742,11.1366,5.23371,7.11445,9.49313,3.83484,7.22317,3.37015,6.78278,6.49436,2.86409,6.50384,5.1853,11.7684,11.7224,4.72647,7.18745
GSM1037352,3.24898,6.46613,10.5773,4.09002,8.8868,6.833,5.34383,10.319,7.96841,6.97794,8.20015,8.51972,7.30046,5.4733,11.6669,10.4111,4.75003,7.86752,10.2444,7.95413,9.67868,3.25576,8.08604,6.39732,8.69408,7.41708,6.28647,7.62813,6.80403,11.7218,3.34705,8.93332,6.88188,3.29381,6.64518,4.48275,11.6915,2.76734,8.80083,8.72802,5.86615,7.39318,8.61833,5.94786,7.04769,9.48151,7.403,5.00133,4.41032,9.60002,6.48378,6.83999,5.03139,8.92373,8.55143,6.53324,6.53219,6.27109,6.14891,4.04512,7.3736,5.45358,7.20358,5.72433,7.37501,6.90235,10.7238,9.0343,3.42513,3.29332,2.48527,6.79995,6.79474,6.52154,4.62042,8.54533,9.50828,2.7585,5.19436,4.53704,11.1117,7.32033,5.9861,8.22556,10.6529,5.15497,6.48268,9.66958,4.00832,7.19607,3.53053,6.427,6.16123,2.46987,6.76581,5.39681,11.3237,11.3904,4.9254,7.09156
GSM1037353,3.0884,5.5976,10.5787,3.12637,9.20758,6.74445,5.43813,10.4162,7.89014,7.21528,7.85607,8.32232,6.90851,5.46932,11.6094,10.044,3.84732,7.7136,10.2317,8.02423,9.64726,3.33059,8.06541,6.01359,8.31513,7.17962,6.72726,7.94977,6.66368,11.9621,3.60009,9.36074,7.86914,3.74695,6.96103,4.51221,11.5552,2.88245,8.21607,8.99829,6.03296,7.37326,8.76916,5.69497,7.41142,9.55192,7.15294,5.49457,4.65024,9.68661,6.05932,6.46398,4.89619,8.112,8.57753,6.81514,6.09866,6.51254,5.53413,4.27751,7.40051,5.47776,7.44909,6.36895,7.27699,7.22658,11.1062,9.1222,3.09974,3.50263,2.66948,6.64393,6.52082,6.95739,4.52461,8.37007,8.61303,2.8214,5.25323,4.38624,10.9726,7.46522,5.99779,8.51761,11.3523,5.10502,7.06317,9.67914,4.06368,7.37092,3.55927,6.63087,6.25921,2.74445,6.82664,5.33813,11.7232,11.6841,5.36495,6.70179
GSM1037354,3.4506,5.65545,10.3711,3.03696,8.58888,6.4218,5.15472,10.3109,7.49599,6.35484,7.98577,7.90578,6.68397,4.98705,11.5727,10.0422,4.15838,8.02271,10.3382,7.80271,9.74963,2.99068,8.216,6.16581,8.28295,6.72837,6.7525,8.01696,6.79688,12.0328,3.24329,10.1641,8.16732,3.13535,6.96715,4.41234,11.5281,2.70714,8.18417,8.83673,5.95207,7.51524,8.56314,6.30488,7.18637,9.44445,6.93917,5.38248,4.54361,9.6604,6.28414,6.28944,5.96529,7.15331,8.60551,6.65889,6.14123,6.7521,5.55917,4.00826,7.4187,5.5893,7.20153,5.96735,6.9845,7.10163,10.9046,9.06747,2.85943,3.23169,2.00781,6.74573,6.7213,6.92995,4.04513,8.43138,9.44562,2.99474,5.21558,4.26352,10.9193,7.13796,6.16567,9.1734,11.0881,5.05391,7.25466,9.58512,4.55864,7.15957,3.42939,5.70922,5.77152,2.44518,6.42762,4.95864,11.5221,11.6345,5.20729,6.90444
GSM1037355,3.60998,5.977,10.1358,2.59411,8.69167,4.9526,5.1988,9.99336,7.17568,6.85848,8.71005,8.29526,6.58127,5.54945,11.5143,9.94793,4.68262,7.59726,9.84555,8.1359,9.02075,3.09102,8.32744,6.57234,8.93352,7.51238,5.97927,7.54383,6.83965,11.6386,2.78299,9.14131,7.17093,2.93691,6.1431,5.30719,11.6427,3.18328,8.47404,9.1427,5.63117,7.3331,8.15197,5.78895,7.21191,9.37707,7.0773,4.66246,3.32431,9.3598,6.60527,6.26191,5.75763,8.32295,8.34179,6.3786,6.39655,6.93436,5.92518,4.29654,7.29038,5.53175,6.91235,5.50562,7.07944,6.9929,10.8991,8.37056,3.13694,3.61899,2.39385,6.43505,6.91828,6.47914,4.18689,8.45793,9.12568,2.24118,5.44508,4.33757,10.8317,6.89169,5.8447,8.35555,10.2067,5.7132,6.65208,9.56023,4.28357,7.23425,3.46005,6.30987,6.43603,2.42211,6.75419,5.05879,11.4024,11.4936,4.58351,7.30708
GSM1037356,2.93634,4.6092,10.4785,2.9195,8.24891,7.02987,5.4101,9.97419,7.38244,7.32171,9.47167,7.96916,7.05074,5.67805,11.53,10.0489,4.42942,7.37923,10.1204,7.24745,9.33819,3.21021,7.53531,6.39732,8.71892,7.15448,6.05224,7.03749,6.39339,11.5163,2.78866,8.60559,6.65499,3.17741,6.36741,5.31746,11.4138,3.29501,7.79948,8.18666,5.89605,7.86805,8.38798,6.44136,7.10238,9.36922,6.72668,5.15708,3.82396,9.11697,6.48122,6.41026,5.97052,8.32814,8.41934,6.23025,6.66843,6.69659,5.63029,4.40025,7.16364,5.54253,7.26768,5.3515,6.84256,6.92566,10.4362,8.23214,2.86641,3.40402,2.04383,6.40412,6.88773,6.50009,3.74118,8.53443,8.97906,2.49814,5.42647,3.93056,10.7817,7.3014,6.2555,8.1099,10.2194,5.36137,6.66256,9.17744,5.16793,7.69067,3.68087,6.00796,5.32634,2.25541,6.55805,5.00466,11.9804,11.816,4.60865,7.51418
GSM1037357,2.86015,4.86604,10.1885,2.11836,8.55709,6.60171,5.11215,9.6084,7.42327,7.06789,7.489,8.37485,7.17075,5.06382,11.4273,10.0779,4.65919,7.50708,9.99077,7.51162,9.09598,3.21957,7.7254,6.4336,8.81082,7.33722,6.44172,7.29476,6.66084,11.5896,3.01116,9.37693,7.45594,3.33793,6.67646,4.7988,11.2287,3.13747,8.25079,8.38472,5.87991,7.71211,8.30216,6.2279,7.0355,9.35489,6.9846,5.03884,4.30532,9.45219,6.53112,6.35221,4.95116,8.94997,8.41186,6.20614,6.34605,6.51935,5.78685,4.42652,7.14821,5.65576,7.05416,5.85671,6.91894,7.03192,10.4619,8.52885,2.56797,3.48832,1.88403,6.36581,6.89186,6.59397,3.89927,8.43978,9.04527,2.60569,5.61002,4.16011,10.7193,7.2093,6.03264,8.28568,10.7474,5.27185,6.68748,9.37051,4.2301,7.72292,3.85839,5.87914,5.63051,2.42913,6.5653,4.94426,11.884,11.7792,4.51303,7.19139
GSM1037358,2.81111,4.43703,10.4736,1.99245,8.25136,6.52893,5.15228,10.2267,6.92871,7.10802,7.69725,7.64866,7.28938,4.93824,11.4829,9.90976,3.24445,7.64031,10.0824,7.04639,9.55954,3.28437,7.43705,6.49114,8.64545,6.75964,6.18836,7.51908,6.05771,11.8452,3.05573,9.25892,7.64164,3.22212,6.5375,4.99141,11.2795,3.51325,7.74939,8.31302,5.85255,8.05145,8.41134,6.19997,7.36689,9.311,6.81525,4.88484,3.25724,9.35015,6.55417,6.55141,6.33746,7.9193,8.35945,6.35178,6.51084,6.78511,5.75182,4.38618,7.08604,5.9468,7.4558,5.32215,7.02448,6.90381,10.6598,8.81209,2.696,3.49128,2.018,6.25674,6.7569,6.55562,4.11122,8.53876,9.09852,2.47908,5.65499,4.26976,10.8779,7.16331,6.10858,8.23926,10.8302,5.48752,6.67443,9.37769,4.3646,7.53063,3.72888,4.86557,5.10147,2.46705,6.49822,4.75475,11.6028,11.6053,5.24994,7.59054
GSM1037359,3.3905,5.92399,10.6486,3.76446,8.81361,6.90386,5.52209,10.097,8.56652,6.91975,8.71434,8.20907,7.33758,5.30542,11.4804,10.0862,4.14469,7.42202,10.0638,8.15351,9.5025,3.15264,8.29694,6.15979,8.71703,7.39343,6.00862,7.17788,6.99432,11.3554,3.51491,8.93324,7.04482,3.47849,6.27586,4.90762,11.4656,3.1204,8.62758,8.74827,6.07734,7.70381,8.28409,6.26866,6.72921,9.23662,6.89151,5.05821,4.16427,9.45627,6.54253,6.06174,6.24924,8.05195,8.27263,6.25289,6.44856,6.47959,5.60509,4.52609,7.21199,5.5909,7.16178,5.55557,6.9599,6.98803,10.4172,8.54212,2.78741,3.41419,2.17324,6.49089,6.7849,6.77621,4.16462,8.55087,9.39699,2.49576,5.38772,4.38926,10.8884,7.37922,6.08117,8.09798,10.3966,5.56643,6.71729,9.29626,4.1522,7.39736,3.59931,6.27141,6.43348,2.43746,6.43095,5.38825,11.5093,11.6202,4.79737,7.55842
GSM1037360,3.12855,6.84317,10.6478,3.16523,9.31251,6.65592,5.66979,10.3035,8.22202,6.55986,9.42713,8.74925,7.30772,5.3272,11.8341,10.6924,5.12332,8.04456,10.2893,7.71448,9.25073,3.10326,7.70859,6.28415,8.6822,7.16671,5.77713,7.24781,6.78502,11.7334,3.36744,8.70296,6.91728,3.3931,6.47477,4.45939,11.5712,2.83991,8.68376,8.47951,6.12001,7.58359,8.34558,6.08583,6.76948,9.15727,7.13776,5.33771,4.56846,9.3408,6.5563,6.33905,5.98753,8.31166,8.54973,6.49415,6.29341,6.81153,5.62654,4.13654,7.0509,5.41744,6.93953,5.41241,7.29522,6.958,10.6604,8.6276,2.75841,3.40545,2.25393,6.5697,6.82247,6.61817,4.24536,8.55305,9.46853,2.91298,5.54096,4.50245,10.9776,7.2356,6.04305,8.05186,10.5451,5.44181,6.70401,9.55541,4.6273,7.42155,3.5431,6.28372,6.13158,2.46187,6.52918,5.40245,10.9678,10.9991,4.11397,7.2341
GSM1037361,2.32077,4.55198,10.4523,3.29016,8.48968,6.5813,4.94073,9.85921,6.71758,6.61873,8.65863,7.93306,6.85927,5.18942,11.5252,9.76229,4.57718,7.26924,10.1088,6.75519,9.11014,3.07754,7.59606,6.46608,8.54186,6.90772,6.12078,7.49395,6.1581,11.7864,2.76171,9.11129,6.98062,3.26468,6.60761,4.60235,11.0994,3.13284,7.72832,8.06176,5.94592,7.91158,8.31521,6.0001,7.46927,9.25871,6.83805,4.70592,3.7697,9.32378,6.5237,6.17198,4.70958,8.03116,8.43133,6.2055,6.4059,6.96511,5.97759,4.43035,7.24038,5.8338,7.02901,5.79808,6.99571,7.09857,10.3503,8.57921,2.65825,3.70263,1.92676,6.43494,6.79899,6.45823,4.03575,8.48995,9.29783,2.40797,5.66452,4.05803,10.726,7.40986,6.20261,7.98035,10.5783,5.70325,6.79317,9.39668,4.38962,7.43633,3.6221,5.19293,4.94081,2.34625,6.55162,4.51305,11.5537,11.4794,4.5399,7.65865
GSM1037362,3.12597,3.31205,10.4448,2.21609,8.32409,5.99572,3.62713,10.0036,6.71745,6.37451,8.89739,8.13525,6.71609,5.40923,11.4711,10.1005,1.51834,7.25719,10.1896,7.28525,9.6833,3.4321,7.66121,6.42775,8.77823,6.7893,5.80622,7.64895,6.08961,11.6874,2.9778,9.31921,7.42555,3.02124,6.31463,4.61606,11.3898,3.00665,7.72774,8.51717,5.53975,7.37584,8.19227,6.40756,7.39412,9.20897,6.71387,4.82383,4.31122,9.35922,6.62644,5.99829,4.45132,9.17035,8.26144,6.15628,6.62494,6.7318,6.07977,4.15159,7.15559,5.75992,6.81726,5.58149,6.83645,7.0034,10.6101,8.39843,2.8261,3.52786,1.93767,6.37303,7.03624,6.54331,3.99182,8.62045,8.34908,2.30955,5.74161,3.64935,10.805,6.45556,6.01987,8.22777,10.3851,5.08442,6.7507,9.25749,4.2474,7.45069,3.59232,5.64519,5.52765,2.76021,6.35201,4.36851,11.6308,11.6961,4.21781,7.36086
GSM1037363,4.30078,4.31924,10.2721,2.22727,7.99509,6.44173,4.28944,10.173,6.76217,6.70844,8.06547,7.99434,6.84779,5.76379,11.3881,10.0951,4.19532,7.03837,10.2199,7.09597,9.2755,3.07345,7.62432,6.44684,8.51906,6.54925,6.23244,7.78828,6.34369,11.7805,2.78951,9.33426,7.74655,3.31858,6.61043,4.37217,11.423,3.21806,7.54749,8.39024,5.7231,7.46532,8.42363,6.57102,7.42864,9.30774,6.91878,4.8437,3.83817,9.33845,6.58321,6.34808,5.68574,9.01295,8.36496,6.16048,6.67668,6.4432,5.6296,4.66789,7.23523,5.73575,7.09728,5.11988,6.93528,7.04644,10.5164,8.61616,2.83601,3.47398,2.57949,6.4792,6.79823,6.58995,3.76977,8.62629,9.33656,2.45484,5.57761,3.77725,10.7839,6.90987,5.98492,8.1841,10.653,5.28825,6.75133,9.25669,4.20534,7.41077,3.78452,5.66194,5.61523,2.49728,6.3838,4.29993,11.3772,11.5431,4.48005,7.1438
GSM1037364,3.21905,4.44046,10.3521,2.19547,8.44391,6.30451,4.72235,10.1802,7.06753,6.92917,7.75943,7.61923,6.80651,5.19703,11.5059,9.9315,2.77457,7.74789,10.249,6.83296,9.70278,3.41464,7.59669,6.61704,8.87888,6.70515,6.57383,7.6503,6.29172,11.9807,3.13657,9.55394,7.64244,3.22025,6.94907,4.96449,11.4829,3.04182,7.56629,8.41625,5.54322,7.89637,8.17066,6.35614,7.10501,9.47183,6.90896,4.91962,3.88585,9.38231,6.62877,6.51301,6.6447,8.33358,8.44484,6.38055,6.40287,7.26883,5.81669,4.5325,7.31068,5.80062,7.5759,5.86886,6.81841,7.12209,10.9632,8.68127,2.43512,3.22916,1.93437,6.52274,6.78721,6.72049,4.15611,8.53521,9.17135,2.37714,5.50284,4.52435,10.906,6.83623,6.27375,8.31721,10.8836,5.3033,6.69255,9.3883,4.27025,7.4582,3.85078,5.17956,5.37545,2.17118,6.16704,4.5869,11.2684,11.3881,4.94494,7.43235
GSM1037365,3.43586,4.39918,10.0522,2.6162,7.96589,6.75813,4.582,9.96855,6.3037,6.83369,7.91166,7.53737,6.74165,4.55211,11.4975,9.4819,3.66605,7.77534,10.2124,6.45123,9.5018,2.99681,7.30298,6.5,8.48803,6.5742,6.23821,7.8176,6.23243,11.8166,3.07881,8.73746,7.14164,3.43646,6.56623,4.80433,11.3107,3.17,7.39391,8.06593,5.97645,7.69479,8.13825,6.31006,7.73971,9.36482,6.71903,4.76871,3.64291,9.24313,6.61579,6.40902,5.86743,6.37535,8.28903,6.11289,6.59898,6.91765,5.58088,4.20482,7.20986,5.88433,7.17659,5.52048,6.94238,7.1868,10.6006,8.44664,2.91024,3.7676,1.63003,6.43271,6.88259,6.59756,3.84324,8.57723,9.01334,2.50257,5.53661,4.07879,10.8278,6.95815,6.35859,8.213,10.7564,5.47569,7.02067,9.34835,4.19167,7.45245,3.74748,4.5424,4.689,2.33267,6.1366,4.42621,11.2611,11.3321,4.70548,7.47161
GSM1037366,3.0104,5.71298,10.2661,2.1656,8.72137,6.11433,4.83933,9.88308,7.56398,7.1617,9.35071,8.22671,7.25094,5.62435,11.5278,9.84962,4.69644,7.28394,10.0143,7.23669,9.10829,3.47724,7.82921,6.59842,9.07516,7.20333,6.26215,7.209,6.67609,11.694,2.88418,9.61215,7.22111,3.07543,6.71991,4.68803,11.3596,3.04411,8.41402,8.362,5.70582,7.62295,8.26393,6.17542,7.385,9.37586,7.22191,4.76047,3.96071,9.40086,6.70279,6.14743,6.26871,8.64683,8.32072,6.11062,6.49672,6.46475,5.73261,4.67898,7.09966,5.69676,6.21354,5.62633,7.18101,6.90128,10.4538,8.06289,2.70768,3.63865,2.01721,6.17477,6.8817,6.409,4.14624,8.55651,9.25077,2.75875,5.4371,4.28083,10.6717,7.14823,6.17414,7.97104,10.6355,5.49349,6.66325,9.43407,4.84428,7.36426,3.48078,5.35146,5.74391,2.63103,6.47704,4.97517,11.4998,11.7174,4.37906,7.48014
GSM1037367,3.15777,4.92391,10.4595,3.06806,8.83431,5.97151,5.01998,10.0058,7.62976,6.68954,7.84457,8.33171,7.04639,4.95914,11.2817,9.8694,4.04311,7.21921,10.4102,6.99634,8.98876,3.30583,7.44895,6.5804,8.7942,7.00138,5.73348,7.31455,6.55962,11.5577,3.18387,8.61269,6.40646,3.53847,6.23605,5.21823,11.3179,3.01059,8.13355,7.89335,5.93022,7.66668,8.17707,6.19996,7.1646,9.26621,7.13938,5.04355,3.85706,9.25756,6.60631,6.37994,6.01487,7.60523,8.48001,6.2187,6.32161,6.81131,5.32452,4.65469,7.22058,5.80472,6.96528,5.38746,7.08759,6.86599,10.2878,8.47332,2.60684,3.79535,1.99859,6.78026,6.89528,6.60058,3.99871,8.3843,8.76326,2.29497,5.47972,4.23927,10.6976,7.43403,6.04547,7.68806,10.3322,5.34969,6.66163,9.36202,4.49045,7.6838,3.59921,4.83771,5.19571,2.30584,6.60561,5.1515,10.9846,11.1536,4.5698,7.30424
GSM1037368,3.05159,6.12493,10.9079,3.75206,9.03318,6.80838,5.53852,10.3057,7.74416,7.3343,7.58905,8.73369,7.4877,5.22605,11.6768,10.5838,5.03189,7.72844,9.99092,7.78033,9.83126,3.49174,7.95563,6.56486,8.28427,7.69709,6.3645,7.60381,6.99588,11.8777,3.62748,9.62525,7.42746,3.62103,6.65222,4.41548,11.5741,3.16893,7.964,8.57074,5.9344,7.5872,8.34402,5.94133,6.89111,9.4767,7.43077,5.06219,4.67758,9.44048,6.40949,6.33994,4.97452,8.0042,8.35594,6.49431,6.36652,6.09823,6.38539,4.47499,7.03747,5.41288,7.08791,5.81281,7.26795,7.0195,10.8552,8.99937,2.82192,3.48974,2.85139,6.46059,6.64467,6.39486,4.34017,8.15265,9.29887,2.98335,5.57164,4.74137,11.0962,7.65275,5.75738,8.29367,11.0545,5.47745,6.95293,9.28544,3.90125,7.25137,3.4478,6.1499,6.03546,2.8137,6.7664,5.17783,11.6937,11.8162,4.84025,7.29849
GSM1037369,2.85862,6.30271,10.7956,3.46289,9.28916,6.69736,5.15867,10.1574,8.15172,6.57593,7.57487,8.82616,7.5083,5.56332,11.7588,10.362,4.99916,7.82541,10.2164,7.43205,9.6018,3.63043,7.62514,6.51014,8.60451,7.37651,6.14784,7.45929,6.80346,11.7665,3.10792,8.62404,6.54827,3.70492,6.55946,4.68802,11.733,2.84407,7.96098,8.38739,6.30907,7.55413,8.34674,6.05866,7.08916,9.4315,7.54528,5.38045,3.83716,9.31121,6.4054,6.61676,5.88363,7.80844,8.61336,6.42625,6.43327,6.37321,5.95937,4.01632,7.1656,5.26569,6.96556,5.75264,7.09744,7.2969,10.4491,8.73565,2.91022,3.34609,2.37953,6.49257,6.68575,6.68576,4.07308,8.45451,9.36864,2.68764,5.18461,4.48936,10.886,7.11197,5.84186,8.40464,10.6965,5.07947,6.95892,9.28955,4.12163,7.31169,3.43578,6.02973,5.87783,2.23212,6.58988,5.34187,11.4564,11.5035,4.63423,7.22421
GSM1037370,2.94687,6.38078,10.6272,3.02912,8.81766,6.33852,5.24847,10.0076,7.93468,7.28884,8.02236,8.07439,7.42554,5.47712,11.5952,10.4833,4.57071,7.61764,10.1391,7.99862,9.78356,3.42758,7.97719,6.43773,8.45643,7.51283,6.46131,7.76435,6.84529,11.9504,3.53543,10.0135,8.18515,3.68198,6.85581,4.28806,11.5246,2.81983,8.61647,8.75223,5.912,7.34196,8.59436,5.71254,6.65987,9.50826,7.25129,4.96209,4.14029,9.63457,6.70224,6.46242,5.36168,8.35698,8.21461,6.35766,6.30331,6.4388,6.0527,4.22346,7.28252,5.51625,7.29355,5.7778,7.28807,7.00647,10.9027,9.14924,2.86435,3.35619,2.49337,6.44393,6.70093,6.57702,4.62139,8.35756,9.28227,3.32935,5.63597,4.3761,11.0507,7.18916,5.98748,8.40574,10.978,5.40374,6.78576,9.52051,3.84789,7.16236,3.43033,6.0068,6.15518,2.63353,6.76783,5.19677,11.6879,11.591,4.78864,7.04232
GSM1037371,3.58041,5.9324,10.4963,2.40597,8.66681,6.55605,5.40591,10.0683,7.64977,7.12128,7.99002,8.55165,7.3868,5.19831,11.5955,10.317,4.15441,7.73242,10.1786,7.62478,9.64792,3.29714,7.78176,6.30426,8.43686,7.21517,6.22737,7.75953,6.6164,11.7396,3.00011,8.87867,7.10253,3.26485,6.55866,4.66454,11.6216,2.97337,8.50938,8.40389,5.92095,7.55544,8.38825,6.3856,7.15327,9.29784,7.04388,5.2175,4.82875,9.42658,6.40542,6.49675,4.92199,8.43579,8.39503,6.29324,6.4226,6.44862,6.19257,4.49703,7.15272,5.68078,7.19618,5.73604,7.1094,7.10207,10.4894,8.73457,2.81923,3.56671,1.96751,6.48616,6.7158,6.60673,4.09399,8.541,9.38132,2.37369,5.20452,4.32403,10.6517,7.45827,6.01116,8.237,10.5815,5.0702,6.9097,9.51415,4.28406,7.33663,3.519,5.79387,5.59603,2.22126,6.64367,5.13537,11.3638,11.2883,4.48931,7.235
GSM1037372,3.62626,6.62424,10.6817,3.47735,9.16072,6.64447,6.38243,10.4259,7.63139,7.1734,8.12929,8.03441,7.34777,5.51682,11.4768,10.3603,4.544,7.86935,10.3092,8.28189,9.62235,3.49826,8.3695,6.11807,8.46762,7.46529,6.71965,7.79787,6.85787,12.0769,3.60535,9.6607,8.13364,3.60825,6.94435,4.65161,11.4732,2.88256,8.86844,9.13578,6.11832,7.41311,8.78858,5.86635,6.71898,9.37166,7.36678,4.88962,4.7378,9.7136,6.4008,6.57353,4.77668,8.37869,8.59778,6.59509,6.2137,6.43687,5.59279,4.40867,7.40904,5.28005,7.42984,5.91414,7.24512,7.07886,10.8482,9.07371,3.15623,3.46196,2.66783,6.54938,6.6314,6.85573,4.34118,8.43509,8.68603,3.00648,5.36974,4.70632,10.9122,7.48538,5.76037,8.3342,11.4862,5.36222,6.79655,9.67985,3.93059,7.38084,3.52941,6.97181,6.76539,2.87647,6.78706,5.19001,12.0531,11.8646,5.43224,6.81322
GSM1037373,3.57922,6.09155,10.8918,2.64959,8.96663,6.87769,5.69511,10.1278,8.3155,6.96749,6.92596,8.56796,7.47335,5.44843,11.551,10.0569,4.34864,7.62029,10.1257,8.16055,9.64978,3.14166,8.29025,6.37869,8.33553,7.23523,6.35641,7.69131,6.73751,11.8668,3.45305,10.0888,8.20341,3.44266,6.79792,4.62688,11.5067,2.98646,8.23173,8.93925,6.04546,7.43815,8.67812,6.03178,7.06442,9.43103,7.18292,5.14666,4.57411,9.56042,6.26253,6.29658,5.61945,6.87377,8.4733,6.64083,6.32076,6.6267,5.65925,4.39038,7.32725,5.4445,7.23321,6.14618,7.13853,7.101,10.8009,8.84305,2.84663,3.41052,2.17012,6.61725,6.82958,6.75539,4.52874,8.31134,9.35322,3.50073,5.40014,4.44298,10.9796,7.45506,5.58473,8.90332,10.8816,5.46958,6.86151,9.4391,4.26083,7.31434,3.56049,6.59431,6.34632,2.71787,6.49574,5.42095,11.3378,11.5337,4.97253,6.85328
